plaintext,ciphertext,cipher_type,key
machine learning enhances cryptanalysis,2A26242F2E2922672B222635292E29206722292F26292422346724353E37332629262B3E342E34,XOR,71
THIS PROJECT USES PYTHON,RFGQNPMHCARSQCQNWRFML,CAESAR,24
>> machine learning enhances cryptanalysis,FTVABGXEXTKGBGZXGATGVXLVKRIMTGTERLBL,CAESAR,19
random forest is a strong classifier,UDQGRPIRUHVWLVDVWURQJFODVVLILHU,CAESAR,3
THIS PROJECT USES PYTHON,CFD3D2C8BBCBC9D4D1DED8CFBBCEC8DEC8BBCBC2CFD3D4D5,XOR,155
>> cryptography is fun,ZOVMQLDOXMEVFPCRK,CAESAR,23
ciphertext only attack scenario!,RXEWTGITMIDCANPIIPRZHRTCPGXD,CAESAR,15
Security depends on implementation,RDBTQHSXCDODMCRNMHLOKDLDMSZSHNM,CAESAR,25
artificial intelligence changes security!,EXRSIMIGKOMTROOPOEOQGKARDRMCCVIISBLXE,VIGENERE,EGYKD
machine learning enhances cryptanalysis!,YMOTUZQXQMDZUZSQZTMZOQEODKBFMZMXKEUE,CAESAR,12
>> data preprocessing is important,AOKXDIBDILQVPGZKUZPWDMCIQOEQ,VIGENERE,XOR
machine learning enhances cryptanalysis!,ESUZAFWDWSJFAFYWFZSFUWKUJQHLSFSDQKAK,CAESAR,18
>> classical ciphers are educational,YNBNOKDVHEJKDGSNWTFZZWDVPKPIWN,VIGENERE,WCBV
This project uses python,BPQAXZWRMKBCAMAXGBPWV,CAESAR,8
machine learning enhances cryptanalysis!,GLHSTTYWJLCTCYLPYNUYHPDILJUELTUWDDTY,VIGENERE,ULFLLG
classical ciphers are educational,C0CFC2D0D0CAC0C2CF83C0CAD3CBC6D1D083C2D1C683C6C7D6C0C2D7CACCCDC2CF,XOR,163
>> artificial intelligence changes security,01011F5E4D4B5659565C565E531F56514B5A535356585A515C5A1F5C575E51585A4C1F4C5A5C4A4D564B46,XOR,63
artificial intelligence changes security!,UNKPACYZHGCJKLGFEXLIWATOVHCVZNYYLYDNU,VIGENERE,UWRHV
data preprocessing is important,FCVCRTGRTQEGUUKPIKUKORQTVCPV,CAESAR,2
data preprocessing is important!,JSPGHNKHNUUAYKETYEYAIVGNZSJZ,VIGENERE,GSW
DATA PREPROCESSING IS IMPORTANT,C4C1D4C1A0D0D2C5D0D2CFC3C5D3D3C9CEC7A0C9D3A0C9CDD0CFD2D4C1CED4,XOR,128
random forest is a strong classifier!,AJWMXVOXANBCRBJBCAXWPLUJBBRORNA,CAESAR,9
ARTIFICIAL INTELLIGENCE CHANGES SECURITY,D1C2C4D9D6D9D3D9D1DCB0D9DEC4D5DCDCD9D7D5DED3D5B0D3D8D1DED7D5C3B0C3D5D3C5C2D9C4C9,XOR,144
Ciphertext only attack scenario,D5FFE6FEF3E4E2F3EEE2B6F9F8FAEFB6F7E2E2F7F5FDB6E5F5F3F8F7E4FFF9,XOR,150
>> random forest is a strong classifier,YEDSQTJEGGZXYHCZXHDPNGBPUZMVXGY,VIGENERE,HEQPC
cryptography is fun,XMTKOJBMVKCTDNAPI,CAESAR,21
artificial intelligence changes security!,7063657877787278707D31787F65747D7D7876747F7274317279707F76746231627472646378656830,XOR,17
random forest is a strong classifier!,0A19161C1715581E170A1D0B0C58110B5819580B0C0A17161F581B14190B0B111E111D0A59,XOR,120
Ciphertext only attack scenario,9EB4ADB5B8AFA9B8A5A9FDB2B3B1A4FDBCA9A9BCBEB6FDAEBEB8B3BCAFB4B2,XOR,221
cryptography is fun,80919A93978C849182938B9AC38A90C385968D,XOR,227
Ciphertext only attack scenario,1B3128303D2A2C3D202C783736342178392C2C393B33782B3B3D36392A3137,XOR,88
Machine learning enhances cryptanalysis,AAZEWNBISAOKWNDBBHXKQEPZFYMQONXIMSFP,VIGENERE,OAXX
>> classical ciphers are educational,TCRJJZTRCTZGYVIJRIVVULTRKZFERC,CAESAR,17
Machine learning enhances cryptanalysis,CFE3E1EAEBECE7A2EEE7E3F0ECEBECE5A2E7ECEAE3ECE1E7F1A2E1F0FBF2F6E3ECE3EEFBF1EBF1,XOR,130
SECURITY DEPENDS ON IMPLEMENTATION,EQOGDUFKPQBQZPEAZUYBXQYQZFMFUAZ,CAESAR,12
>> artificial intelligence changes security,D2D2CC8D9E98858A858F858D80CC858298898080858B89828F89CC8F848D828B899FCC9F898F999E859895,XOR,236
>> cryptography is fun,CUJOCVGULOQFIVQTW,VIGENERE,ADLZJH
CRYPTOGRAPHY IS FUN,B0A1AAA3A7BCB4A1B2A3BBAAD3BAA0D3B5A6BD,XOR,243
machine learning enhances cryptanalysis,101C1E151413185D11181C0F1314131A5D1813151C131E180E5D1E0F040D091C131C11040E140E,XOR,125
>> machine learning enhances cryptanalysis,RFHMNSJQJFWSNSLJSMFSHJXHWDUYFSFQDXNX,CAESAR,5
>> side channel attacks are dangerous,BRMNLQJWWNUJCCJLTBJANMJWPNAXDB,CAESAR,9
>> ciphertext only attack scenario,TGMDVPQAORLJCWXPKYZGJABJRPFK,VIGENERE,RYXW
This project uses python,HXWVWFEXHJHKGHZDOHKVB,VIGENERE,OQODH
this project uses python,LYPKGYGALUKBKVZHPAZFU,VIGENERE,SRH
SECURITY DEPENDS ON IMPLEMENTATION,VHFXULWBGHSHQGVRQLPSOHPHQWDWLRQ,CAESAR,3
CRYPTOGRAPHY IS FUN,ETARVQITCRJAKUHWP,CAESAR,2
data preprocessing is important,595C495C1D4D4F584D4F525E584E4E54535A1D544E1D54504D524F495C5349,XOR,61
classical ciphers are educational!,UDSKKAUSDUAHZWJKSJWWVMUSLAGFSD,CAESAR,18
>> artificial intelligence changes security,44445A1B080E131C1319131B165A13140E1F1616131D1F14191F5A19121B141D1F095A091F190F08130E03,XOR,122
this project uses python!,WKDFSUJWHFOHVHNCBWCBQ,VIGENERE,DDVN
data preprocessing is important!,ABOUJUBQMIWHPTDHALPJHJIUQBIN,VIGENERE,XBVUUD
cryptography is fun!,34252E272338302536273F2E773E247731223976,XOR,87
MACHINE LEARNING ENHANCES CRYPTANALYSIS,THJOPULSLHYUPUNLUOHUJLZJYFWAHUHSFZPZ,CAESAR,7
ciphertext only attack scenario!,QWDVSFHSLHCBZMOHHOQYGQSBOFWC,CAESAR,14
Artificial intelligence changes security,CFSZHWBZCZHEVSKCKUDEESBYCBFVUGDTWFHKA,VIGENERE,COZR
machine learning enhances cryptanalysis,E6EAE8E3E2E5EEABE7EEEAF9E5E2E5ECABEEE5E3EAE5E8EEF8ABE8F9F2FBFFEAE5EAE7F2F8E2F8,XOR,139
cryptography is fun,IXEVZUMXGVNEOYLAT,CAESAR,6
random forest is a strong classifier!,DBSPANKADFXFUTFEFSTZSDQMETNRUFW,VIGENERE,MBFM
cryptography is fun!,LEUMSFPEWMGPRFBRM,VIGENERE,JNWXZR
SIDE CHANNEL ATTACKS ARE DANGEROUS,CSNOMRKXXOVKDDKMUCKBONKXQOBYEC,CAESAR,10
this project uses python,C9D5D4CE9DCDCFD2D7D8DEC99DC8CED8CE9DCDC4C9D5D2D3,XOR,189
ciphertext only attack scenario,32382139342325342925713E3F3D287130252530323A712232343F3023383E,XOR,81
cryptography is fun,1809020B0F141C091A0B13025B12085B1D0E15,XOR,123
>> ciphertext only attack scenario,EKRJGTVGZVQPNACVVCEMUEGPCTKQ,CAESAR,2
ciphertext only attack scenario,FLSKHUWHAWRQOBDWWDFNVFHQDULR,CAESAR,3
security depends on implementation,AEB8BEA8AFB4A9A4FDB9B8ADB8B3B9AEFDB2B3FDB4B0ADB1B8B0B8B3A9BCA9B4B2B3,XOR,221
this project uses python!,MABLIKHCXVMNLXLIRMAHG,CAESAR,19
>> this project uses python,35352B7F6362782B7B7964616E687F2B7E786E782B7B727F636465,XOR,11
security depends on implementation,AKXQBQZTZOXKIZCWTDIZTKHAXBGOEYV,VIGENERE,IGVWK
This project uses python,OBRGKLXXZWCINYBDTNQCI,VIGENERE,VUJO
data preprocessing is important,SPIPEGTEGDRTHHXCVXHXBEDGIPCI,CAESAR,15
>> security depends on implementation,VHFXULWBGHSHQGVRQLPSOHPHQWDWLRQ,CAESAR,3
CIPHERTEXT ONLY ATTACK SCENARIO,070D140C011610011C10640B0A081D6405101005070F641707010A05160D0B,XOR,68
Artificial intelligence changes security,IZBQNQKQITQVBMTTQOMVKMKPIVOMAAMKCZQBG,CAESAR,8
Data preprocessing is important,SPIPEGTEGDRTHHXCVXHXBEDGIPCI,CAESAR,15
Ciphertext only attack scenario,BF958C94998E88998488DC93929085DC9D88889D9F97DC8F9F99929D8E9593,XOR,252
ciphertext only attack scenario,B1BBA2BAB7A0A6B7AAA6F2BDBCBEABF2B3A6A6B3B1B9F2A1B1B7BCB3A0BBBD,XOR,210
Ciphertext only attack scenario,58726B737E696F7E636F3B747577623B7A6F6F7A78703B68787E757A697274,XOR,27
Artificial intelligence changes security,EVXMJMGMEPMRXIPPMKIRGIGLERKIWWIGYVMXC,CAESAR,4
CIPHERTEXT ONLY ATTACK SCENARIO,VOLRKKZAHZHTHIGMZWMQLIAXGKOK,VIGENERE,TGWKG
>> classical ciphers are educational,DNUFAJEUYKJRBRZTCLRMEWWNBJQHNT,VIGENERE,BCUNI
cryptography is fun,WZDMNWLOUXMVCAKRH,VIGENERE,UIFX
>> side channel attacks are dangerous,50504E1D070A0B4E0D060F00000B024E0F1A1A0F0D051D4E0F1C0B4E0A0F00090B1C011B1D,XOR,110
ciphertext only attack scenario,FLSKHUWHAWRQOBDWWDFNVFHQDULR,CAESAR,3
>> artificial intelligence changes security,MDFURUOUMXUZFQXXUSQZOQOTMZSQEEQOGDUFK,CAESAR,12
>> security depends on implementation,GSQIFWHMRSDSBRGCBWADZSASBHOHWCB,CAESAR,14
artificial intelligence changes security,ZSEOAHDTGGHOEKGKJRKIBFNNVMHPYNDDFXDSZ,VIGENERE,ZBLGV
this project uses python,MEMZUQHGIJYTLBWWDSALR,VIGENERE,TXEHFZ
artificial intelligence changes security!,GXZOLOIOGROTZKRROMKTIKINGTMKYYKIAXOZE,CAESAR,6
data preprocessing is important!,BABFAABFFEAEACBBAEACB1BDBBADADB7B0B9FEB7ADFEB7B3AEB1ACAABFB0AAFF,XOR,222
This project uses python,QEFPMOLGBZQRPBPMVQELK,CAESAR,23
machine learning enhances cryptanalysis!,CQSXYDUBUQHDYDWUDXQDSUISHOFJQDQBOIYI,CAESAR,16
THIS PROJECT USES PYTHON,CGPZPANQLCCTZLSYXAOOW,VIGENERE,JZHHA
this project uses python!,VFQDJTMRPWVSAPMRWBSIP,VIGENERE,CYILU
ciphertext only attack scenario!,9F958C94998E88998488DC93929085DC9D88889D9F97DC8F9F99929D8E9593DD,XOR,252
Ciphertext only attack scenario,GMTLIVXIBXSRPCEXXEGOWGIREVMS,CAESAR,4
CLASSICAL CIPHERS ARE EDUCATIONAL,B4BBB6A4A4BEB4B6BBD7B4BEA7BFB2A5A4D7B6A5B2D7B2B3A2B4B6A3BEB8B9B6BB,XOR,247
classical ciphers are educational,WFUMMCWUFWCJBYLMULYYXOWUNCIHUF,CAESAR,20
Random forest is a strong classifier,98ABA4AEA5A7EAACA5B8AFB9BEEAA3B9EAABEAB9BEB8A5A4ADEAA9A6ABB9B9A3ACA3AFB8,XOR,202
data preprocessing is important!,989D889DDC8C8E998C8E939F998F8F95929BDC958FDC95918C938E889D9288DD,XOR,252
ciphertext only attack scenario,KJLUMSPRFUKATZWGBBYXADAAISEB,VIGENERE,IBWN
>> cryptography is fun,8E8E90D3C2C9C0C4DFD7C2D1C0D8C990D9C390D6C5DE,XOR,176
This project uses python,ORBNZKJTXXDNNOLKIMCYG,VIGENERE,VKT
data preprocessing is important,83869386C7979582979588848294948E8980C78E94C78E8A97889593868993,XOR,231
>> classical ciphers are educational,MXWBJMMMHLZTRQNBRVOQZDTEDUKWRP,VIGENERE,KMWJRE
this project uses python!,85999882D181839E9B949285D184829482D1818885999E9FD0,XOR,241
RANDOM FOREST IS A STRONG CLASSIFIER,C0D3DCD6DDDFB2D4DDC0D7C1C6B2DBC1B2D3B2C1C6C0DDDCD5B2D1DED3C1C1DBD4DBD7C0,XOR,146
classical ciphers are educational!,B5BAB7A5A5BFB5B7BAF6B5BFA6BEB3A4A5F6B7A4B3F6B3B2A3B5B7A2BFB9B8B7BAF7,XOR,214
Cryptography is fun,PQQIGNYKNOZRVRXNA,VIGENERE,NZST
data preprocessing is important!,YGJPOQZVHDBDNYYCFHNOCENQOGDI,VIGENERE,VGQPZZ
artificial intelligence changes security,CPADOKAPVUKLAZUNGNZWECJCJPELNBGABMRVW,VIGENERE,CYHVJ
THIS PROJECT USES PYTHON,UIJTQSPKFDUVTFTQZUIPO,CAESAR,1
CRYPTOGRAPHY IS FUN,QESDGIUEUDUSWFZIA,VIGENERE,ONU
SECURITY DEPENDS ON IMPLEMENTATION,E0F6F0E6E1FAE7EA93F7F6E3F6FDF7E093FCFD93FAFEE3FFF6FEF6FDE7F2E7FAFCFD,XOR,179
random forest is a strong classifier!,VUJDSGBOVYOTMMWSXLKNKWHAWMEFMYN,VIGENERE,EUWA
machine learning enhances cryptanalysis!,SGINOTKRKGXTOTMKTNGTIKYIXEVZGTGREYOY,CAESAR,6
ciphertext only attack scenario!,UAHZWJLWPLGFDQSLLSUCKUWFSJAG,CAESAR,18
this project uses python,SVDIOFJZDQOKRSNFXHCEM,VIGENERE,ZOVQ
>> ciphertext only attack scenario,VFFUVFMBNGFBEVQGKOVHIPVBTOYB,VIGENERE,TXQNRO
artificial intelligence changes security!,YYNQDGJCIJGUNMJJPAMLALWPYLNYAQCJOZGRF,VIGENERE,YHUIY
ciphertext only attack scenario!,5D574E565B4C4A5B464A1E515052471E5F4A4A5F5D551E4D5D5B505F4C57511F,XOR,62
classical ciphers are educational!,ZIXPPFZXIZFMEBOPXOBBARZXQFLKXI,CAESAR,23
CLASSICAL CIPHERS ARE EDUCATIONAL,MCCWWSTCPGSGJIVCRTIINLEEXSFPEP,VIGENERE,KRCEE
this project uses python!,5C40415B08585A47424D4B5C085D5B4D5B0858515C40474609,XOR,40
this project uses python,DYWFQXYASPUACVGCZZRFB,VIGENERE,KRONBG
random forest is a strong classifier!,81929D979C9ED3959C81968087D39A80D392D38087819C9D94D3909F9280809A959A9681D2,XOR,243
>> cryptography is fun,CCHNFBGCJNTLIDOSZ,VIGENERE,ALJYMN
>> ciphertext only attack scenario,D8D8C6858F968E839492839E92C689888A9FC687929287858DC69585838887948F89,XOR,230
this project uses python!,CQRBYAXSNLCDBNBYHCQXW,CAESAR,9
random forest is a strong classifier!,ENAQBZSBERFGVFNFGEBATPYNFFVSVRE,CAESAR,13
data preprocessing is important!,4F4A5F4A0B5B594E5B5944484E585842454C0B42580B42465B44595F4A455F0A,XOR,43
SIDE CHANNEL ATTACKS ARE DANGEROUS,DAC0CDCCA9CAC1C8C7C7CCC5A9C8DDDDC8CAC2DAA9C8DBCCA9CDC8C7CECCDBC6DCDA,XOR,137
cryptography is fun!,F2E3E8E1E5FEF6E3F0E1F9E8B1F8E2B1F7E4FFB0,XOR,145
cryptography is fun,0D1C171E1A01091C0F1E06174E071D4E081B00,XOR,110
artificial intelligence changes security!,CTVKHKEKCNKPVGNNKIGPEGEJCPIGUUGEWTKVA,CAESAR,2
classical ciphers are educational!,QVKQGSMYZMSNVOBQOBOCREMYHSYLOV,VIGENERE,OKKY
Random forest is a strong classifier,TPNAFOUOOVUIIPRUIRLEIRLXJUXFFVT,VIGENERE,CPAXR
Cryptography is fun,XMTKOJBMVKCTDNAPI,CAESAR,21
machine learning enhances cryptanalysis,UIKPQVMTMIZVQVOMVPIVKMAKZGXBIVITGAQA,CAESAR,8
this project uses python,5C40415B08585A47424D4B5C085D5B4D5B0858515C404746,XOR,40
THIS PROJECT USES PYTHON,LNWKVFGPSUZIKKGHEHZUB,VIGENERE,SGO
Classical ciphers are educational,WFUMMCWUFWCJBYLMULYYXOWUNCIHUF,CAESAR,20
security depends on implementation,COMEBSDINOZOXNCYXSWZVOWOXDKDSYX,CAESAR,10
>> machine learning enhances cryptanalysis,WKMRSXOVOKBXSXQOXRKXMOCMBIZDKXKVICSC,CAESAR,10
security depends on implementation!,UWYOTAPSFWLYPVOIPAIJNWIYPLWNKGJ,VIGENERE,CSWU
this project uses python,B2AEAFB5E6B6B4A9ACA3A5B2E6B3B5A3B5E6B6BFB2AEA9A8,XOR,198
>> classical ciphers are educational,VETLLBVTEVBIAXKLTKXXWNVTMBHGTE,CAESAR,19
Cryptography is fun,2D1C171E1A01091C0F1E06174E071D4E081B00,XOR,110
data preprocessing is important,C2C7D2C786D6D4C3D6D4C9C5C3D5D5CFC8C186CFD586CFCBD6C9D4D2C7C8D2,XOR,166
data preprocessing is important,GNEUDNHCCIQAVFTHUEVVXJCNWNYN,VIGENERE,DNLUOW
artificial intelligence changes security!,YPRGDGAGYJGLRCJJGECLACAFYLECQQCASPGRW,CAESAR,24
Ciphertext only attack scenario,8CA6BFA7AABDBBAAB7BBEFA0A1A3B6EFAEBBBBAEACA4EFBCACAAA1AEBDA6A0,XOR,207
ciphertext only attack scenario!,ZAXRLTQWFDVPIQIDACZCAMLPXJQY,VIGENERE,XSIKHC
classical ciphers are educational!,BKZRRHBZKBHOGDQRZQDDCTBZSHNMZK,CAESAR,25
>> side channel attacks are dangerous,92928CDFC5C8C98CCFC4CDC2C2C9C08CCDD8D8CDCFC7DF8CCDDEC98CC8CDC2CBC9DEC3D9DF,XOR,172
Random forest is a strong classifier,HQDTECVEHUIJYIQIJHEDWSBQIIYVYUH,CAESAR,16
DATA PREPROCESSING IS IMPORTANT,OZBKAQMZCNKODRQXRHASXOWBEZVD,VIGENERE,LZIK
>> classical ciphers are educational,DCDCC2818E8391918B81838EC2818B928A879091C2839087C28786978183968B8D8C838E,XOR,226
>> classical ciphers are educational,TCRJJZTRCTZGYVIJRIVVULTRKZFERC,CAESAR,17
this project uses python,RFGQNPMHCARSQCQNWRFML,CAESAR,24
random forest is a strong classifier!,B1A2ADA7ACAEE3A5ACB1A6B0B7E3AAB0E3A2E3B0B7B1ACADA4E3A0AFA2B0B0AAA5AAA6B1E2,XOR,195
this project uses python!,C3DFDEC497C7C5D8DDD2D4C397C2C4D2C497C7CEC3DFD8D996,XOR,183
side channel attacks are dangerous!,VLGHFKDQQHODWWDFNVDUHGDQJHURXV,CAESAR,3
CLASSICAL CIPHERS ARE EDUCATIONAL,LGSDBDULUXAAQZJDJMWPMPULCDGYJG,VIGENERE,JVSL
>> side channel attacks are dangerous,6767792A303D3C793A313837373C3579382D2D383A322A79382B3C793D38373E3C2B362C2A,XOR,89
>> random forest is a strong classifier,NOVMWITWAMOHQBIOHZXVCQTJAOWNRMN,VIGENERE,WOIJI
this project uses python,465A5B411242405D58575146124741574112424B465A5D5C,XOR,50
data preprocessing is important,EEEBFEEBAAFAF8EFFAF8E5E9EFF9F9E3E4EDAAE3F9AAE3E7FAE5F8FEEBE4FE,XOR,138
ARTIFICIAL INTELLIGENCE CHANGES SECURITY,YPRGDGAGYJGLRCJJGECLACAFYLECQQCASPGRW,CAESAR,24
Side channel attacks are dangerous,C4FEF3F2B7F4FFF6F9F9F2FBB7F6E3E3F6F4FCE4B7F6E5F2B7F3F6F9F0F2E5F8E2E4,XOR,151
>> ciphertext only attack scenario,IRWNNYZNEZXURHHZCHITZINUGAPU,VIGENERE,GJH
DATA PREPROCESSING IS IMPORTANT,ZRXWGVAGVKTIOJMJXMOZQLFVPRRP,VIGENERE,WRE
classical ciphers are educational,UDSKKAUSDUAHZWJKSJWWVMUSLAGFSD,CAESAR,18
CLASSICAL CIPHERS ARE EDUCATIONAL,9C939E8C8C969C9E93FF9C968F979A8D8CFF9E8D9AFF9A9B8A9C9E8B9690919E93,XOR,223
side channel attacks are dangerous,LBWXVATGGXETMMTVDLTKXWTGZXKHNL,CAESAR,19
classical ciphers are educational!,MQBAHLMFMKXSRJSAPUOJECRDDNPVPO,VIGENERE,KFBIPD
machine learning enhances cryptanalysis!,EUXZCIWFZSLIAHBWHCSHXWMXJSKLUISFTKCN,VIGENERE,SUV
CRYPTOGRAPHY IS FUN,VKRIMHZKTIARBLYNG,CAESAR,19
classical ciphers are educational,GPEWWMGEPGMTLIVWEVIIHYGEXMSREP,CAESAR,4
ciphertext only attack scenario!,FAF0E9F1FCEBEDFCE1EDB9F6F7F5E0B9F8EDEDF8FAF2B9EAFAFCF7F8EBF0F6B8,XOR,153
SECURITY DEPENDS ON IMPLEMENTATION,31272137302B363B42262732272C2631422D2C422B2F322E272F272C3623362B2D2C,XOR,98
side channel attacks are dangerous!,BAWFVEJFGFEXCLTDDPJJXETKPWKPNP,VIGENERE,JSTBTX
MACHINE LEARNING ENHANCES CRYPTANALYSIS,7A76747F7E7972177B727665797E79701772797F76797472641774656E67637679767B6E647E64,XOR,55
classical ciphers are educational,KTIAAQKITKQXPMZAIZMMLCKIBQWVIT,CAESAR,8
>> artificial intelligence changes security,GXZOLOIOGROTZKRROMKTIKINGTMKYYKIAXOZE,CAESAR,6
cryptography is fun!,LSFYPXPSHYDHRTMDJ,VIGENERE,JBHJWJ
side channel attacks are dangerous,4F5558591C5F545D525259501C5D48485D5F574F1C5D4E591C585D525B594E53494F,XOR,60
>> classical ciphers are educational,F0F0EEADA2AFBDBDA7ADAFA2EEADA7BEA6ABBCBDEEAFBCABEEABAABBADAFBAA7A1A0AFA2,XOR,206
this project uses python!,LZAKHJGBWULMKWKHQLZGF,CAESAR,18
THIS PROJECT USES PYTHON,VINRRSTIGDYTUFXOAUMNP,VIGENERE,CBFZ
>> classical ciphers are educational,EAEAF4B7B8B5A7A7BDB7B5B8F4B7BDA4BCB1A6A7F4B5A6B1F4B1B0A1B7B5A0BDBBBAB5B8,XOR,212
Security depends on implementation,GALINRHUMSLNBZBCJRALUSINBPJHEXB,VIGENERE,OWJ
Random forest is a strong classifier,D9EAE5EFE4E6ABEDE4F9EEF8FFABE2F8ABEAABF8FFF9E4E5ECABE8E7EAF8F8E2EDE2EEF9,XOR,139
side channel attacks are dangerous!,MCXYWBUHHYFUNNUWEMULYXUHAYLIOM,CAESAR,20
cryptography is fun!,30212A23273C342132233B2A733A207335263D72,XOR,83
Security depends on implementation,VHFXULWBGHSHQGVRQLPSOHPHQWDWLRQ,CAESAR,3
>> this project uses python,CACAD4809C9D87D484869B9E919780D481879187D4848D809C9B9A,XOR,244
Cryptography is fun,4879727B7F646C796A7B63722B62782B6D7E65,XOR,11
artificial intelligence changes security!,C6D5D3CEC1CEC4CEC6CB87CEC9D3C2CBCBCEC0C2C9C4C287C4CFC6C9C0C2D487D4C2C4D2D5CED3DE86,XOR,167
Side channel attacks are dangerous,LBWXVATGGXETMMTVDLTKXWTGZXKHNL,CAESAR,19
random forest is a strong classifier!,HQDTECVEHUIJYIQIJHEDWSBQIIYVYUH,CAESAR,16
data preprocessing is important!,YDYKCMHUBBXHXCVIJNCVHSTBGVQY,VIGENERE,VDFKN
Side channel attacks are dangerous,A19B9697D2919A939C9C979ED293868693919981D2938097D296939C9597809D8781,XOR,242
>> random forest is a strong classifier,GPCSDBUDGTHIXHPHIGDCVRAPHHXUXTG,CAESAR,15
Machine learning enhances cryptanalysis,PYOXIQCXUAULUDGHLTQNFCESRBNFQNDJKIIV,VIGENERE,DYMQA
ciphertext only attack scenario!,IYANUCZUIZEYROLZJLIADIUYGHTU,VIGENERE,GQL
security depends on implementation!,01171107001B060B52161702171C1601521D1C521B1F021E171F171C0613061B1D1C53,XOR,114
CRYPTOGRAPHY IS FUN,LFUECCCGJDDNRGBJW,VIGENERE,JOWP
machine learning enhances cryptanalysis,F1FDFFF4F5F2F9BCF0F9FDEEF2F5F2FBBCF9F2F4FDF2FFF9EFBCFFEEE5ECE8FDF2FDF0E5EFF5EF,XOR,156
THIS PROJECT USES PYTHON,KUKJCTFWGTGWJRUGLVYBP,VIGENERE,RNC
this project uses python,NLXMTGINTWXJMIHJCIBSC,VIGENERE,UEP
>> classical ciphers are educational,787866252A2735352F25272A66252F362E23343566273423662322332527322F2928272A,XOR,70
random forest is a strong classifier!,FRRPCDJAFVWFWJEEHISZUTPMGJMRWVV,VIGENERE,OREM
>> this project uses python,FEFEE0B4A8A9B3E0B0B2AFAAA5A3B4E0B5B3A5B3E0B0B9B4A8AFAE,XOR,192
artificial intelligence changes security,KQJQFRMHQTIWDDBTIPOMSMCQKMWMSBOBKZICI,VIGENERE,KZQIAJ
>> classical ciphers are educational,979789CAC5C8DADAC0CAC8C589CAC0D9C1CCDBDA89C8DBCC89CCCDDCCAC8DDC0C6C7C8C5,XOR,169
SIDE CHANNEL ATTACKS ARE DANGEROUS,DSUCTTLXECCMEDRABELBVBRZROIMLE,VIGENERE,LKRYRM
Side channel attacks are dangerous,PFABZEXKKBIXQQXZHPXOBAXKDBOLRP,CAESAR,23
>> this project uses python,RUJCNEPTCPUEQRTZWGIYL,VIGENERE,YNBK
side channel attacks are dangerous!,HJHURIEDCFPQIUESZTEHTEEDVFVEJT,VIGENERE,PBEQ
Security depends on implementation,HTRJGXINSTETCSHDCXBEATBTCIPIXDC,CAESAR,15
>> machine learning enhances cryptanalysis,JEPEMABPRXVAFRTBRUXRPBWPOCCQEAXPLPMF,VIGENERE,XEN
artificial intelligence changes security,KKPUZSVEMFSGPQFVBCQHMXYTUXZAEMOVQDCDR,VIGENERE,KTWMU
Machine learning enhances cryptanalysis,91BDBFB4B5B2B9FCB0B9BDAEB2B5B2BBFCB9B2B4BDB2BFB9AFFCBFAEA5ACA8BDB2BDB0A5AFB5AF,XOR,220
ciphertext only attack scenario!,TJIJLLKFQVVHCZTVAUTLLELHRSBQ,VIGENERE,RBTCHU
CLASSICAL CIPHERS ARE EDUCATIONAL,5B54594B4B515B5954385B5148505D4A4B38594A5D385D5C4D5B594C5157565954,XOR,24
random forest is a strong classifier,C7D4DBD1DAD895D3DAC7D0C6C195DCC695D495C6C1C7DADBD295D6D9D4C6C6DCD3DCD0C7,XOR,181
machine learning enhances cryptanalysis!,JXZEFKBIBXOKFKDBKEXKZBPZOVMQXKXIVPFP,CAESAR,23
classical ciphers are educational,NWLDDTNLWNTASPCDLCPPOFNLETZYLW,CAESAR,11
Cryptography is fun,PVFFGBKYQCUCPISHR,VIGENERE,NEHQN
SECURITY DEPENDS ON IMPLEMENTATION,YKIAXOZEJKVKTJYUTOSVRKSKTZGZOUT,CAESAR,6
>> machine learning enhances cryptanalysis,BSGOXFISTSVUXFKLCZEURWWJGQTAPFESNKMZ,VIGENERE,PSEH
Side channel attacks are dangerous,NICSLCAMBNGASHJXKROAZDZBPZRNIB,VIGENERE,VAZOJ
CIPHERTEXT ONLY ATTACK SCENARIO,RXEWTGITMIDCANPIIPRZHRTCPGXD,CAESAR,15
>> data preprocessing is important,ZIHJVDAXFXIQOAWWMUOQAYUDPIBC,VIGENERE,WIOJGM
side channel attacks are dangerous,FVQRPUNAARYNGGNPXFNERQNATREBHF,CAESAR,13
Security depends on implementation,1F292F393E2538356C28293C2922283F6C23226C25213C2029212922382D38252322,XOR,76
classical ciphers are educational,050A0715150F05070A46050F160E03141546071403460302130507120F0908070A,XOR,102
classical ciphers are educational,BDB2BFADADB7BDBFB2FEBDB7AEB6BBACADFEBFACBBFEBBBAABBDBFAAB7B1B0BFB2,XOR,222
>> cryptography is fun,BEBEA0E3F2F9F0F4EFE7F2E1F0E8F9A0E9F3A0E6F5EE,XOR,128
CLASSICAL CIPHERS ARE EDUCATIONAL,8D828F9D9D878D8F82EE8D879E868B9C9DEE8F9C8BEE8B8A9B8D8F9A8781808F82,XOR,206
DATA PREPROCESSING IS IMPORTANT,757065701161637461637E72746262787F7611786211787C617E6365707F65,XOR,49
Security depends on implementation,91A7A1B7B0ABB6BBE2A6A7B2A7ACA6B1E2ADACE2ABAFB2AEA7AFA7ACB6A3B6ABADAC,XOR,194
artificial intelligence changes security,C7D4D2CFC0CFC5CFC7CA86CFC8D2C3CACACFC1C3C8C5C386C5CEC7C8C1C3D586D5C3C5D3D4CFD2DF,XOR,166
Cryptography is fun,UCVHELYCXHSVADCMY,VIGENERE,SLX
artificial intelligence changes security,XEYOJFPNGPFAYKPIVLKRZRHNEKTJYWBPZXMQL,VIGENERE,XNFGE
Ciphertext only attack scenario,C2E8F1E9E4F3F5E4F9F5A1EEEFEDF8A1E0F5F5E0E2EAA1F2E2E4EFE0F3E8EE,XOR,129
CLASSICAL CIPHERS ARE EDUCATIONAL,BUXCRLBJIMHSGNOCZUDNAEBDSRLXZO,VIGENERE,ZJXKZD
side channel attacks are dangerous,RHCDBGZMMDKZSSZBJRZQDCZMFDQNTR,CAESAR,25
this project uses python!,2A36372D7E2E2C31343B3D2A7E2B2D3B2D7E2E272A3631307F,XOR,94
machine learning enhances cryptanalysis!,VJLQRWNUNJAWRWPNWQJWLNBLAHYCJWJUHBRB,CAESAR,9
ciphertext only attack scenario,XFKPWMQZFLJKGGSOQVKCNZZVSMFJ,VIGENERE,VXVIS
Random forest is a strong classifier,NWJZKIBKNAOPEOWOPNKJCYHWOOEBEAN,CAESAR,22
this project uses python!,NBCMJLIDYWNOMYMJSNBIH,CAESAR,20
Ciphertext only attack scenario,7A5049515C4B4D5C414D195657554019584D4D585A52194A5A5C57584B5056,XOR,57
machine learning enhances cryptanalysis!,232F2D2627202B6E222B2F3C202720296E2B20262F202D2B3D6E2D3C373E3A2F202F22373D273D6F,XOR,78
random forest is a strong classifier,TCPFQOHQTGUVKUCUVTQPIENCUUKHKGT,CAESAR,2
Cryptography is fun,FYPSAFJYRSOPLZWXU,VIGENERE,DHR
artificial intelligence changes security!,VOPZSDZERYDKPVYGFCVAXBYYNIDAJFZZQIVOV,VIGENERE,VXWRN
SECURITY DEPENDS ON IMPLEMENTATION,HXPJKVIRQTIRCWFDGVBIYTFRCMNIBBC,VIGENERE,PTN
classical ciphers are educational,3C333E2C2C363C3E337F3C362F373A2D2C7F3E2D3A7F3A3B2A3C3E2B3630313E33,XOR,95
this project uses python!,EKDDAUJUPFOFDHNAJWCZY,VIGENERE,LDVL
Ciphertext only attack scenario,PVCUREGRKGBAYLNGGNPXFPRANEVB,CAESAR,13
CLASSICAL CIPHERS ARE EDUCATIONAL,RAPHHXRPARXEWTGHPGTTSJRPIXDCPA,CAESAR,15
MACHINE LEARNING ENHANCES CRYPTANALYSIS,E9E5E7ECEDEAE184E8E1E5F6EAEDEAE384E1EAECE5EAE7E1F784E7F6FDF4F0E5EAE5E8FDF7EDF7,XOR,164
security depends on implementation,DPNFCTEJOPAPYODZYTXAWPXPYELETZY,CAESAR,11
THIS PROJECT USES PYTHON,617D7C661565677A7F707661156066706615656C617D7A7B,XOR,53
>> machine learning enhances cryptanalysis,FTVABGXEXTKGBGZXGATGVXLVKRIMTGTERLBL,CAESAR,19
THIS PROJECT USES PYTHON,SAIAOKORDVTCRXSXXMHWM,VIGENERE,ZTAI
ARTIFICIAL INTELLIGENCE CHANGES SECURITY,0013150807080208000D61080F15040D0D0806040F0204610209000F060412611204021413081518,XOR,65
artificial intelligence changes security,BFACAAB7B8B7BDB7BFB2FEB7B0AABBB2B2B7B9BBB0BDBBFEBDB6BFB0B9BBADFEADBBBDABACB7AAA7,XOR,222
CRYPTOGRAPHY IS FUN,ODKBFASDMBTKUERGZ,CAESAR,12
>> this project uses python,YPJXXSTRFHBVXMTUGUMWO,VIGENERE,FIB
artificial intelligence changes security!,7F6C6A7778777D777F723E77706A7B727277797B707D7B3E7D767F70797B6D3E6D7B7D6B6C776A673F,XOR,30
machine learning enhances cryptanalysis!,CSFVYDWOSQHFLBWUFKODSWVQHOHWODQDBGYI,VIGENERE,QSDOQ
>> this project uses python,RFGQNPMHCARSQCQNWRFML,CAESAR,24
Ciphertext only attack scenario,DXBITDUTJUDZMNMUIMDZEDTZBGUP,VIGENERE,BPM
random forest is a strong classifier,TCXWSOHQBXWVKUKLXTQPQVPCUUSYMGT,VIGENERE,CCKTEC
Artificial intelligence changes security,E2D1D7CAC5CAC0CAC2CF83CACDD7C6CFCFCAC4C6CDC0C683C0CBC2CDC4C6D083D0C6C0D6D1CAD7DA,XOR,163
>> security depends on implementation,6A6A7427313721263D202D74303124313A3027743B3A743D3924383139313A2035203D3B3A,XOR,84
>> random forest is a strong classifier,72726C3E2D222823216C2A233E293F386C253F6C2D6C3F383E23222B6C2F202D3F3F252A25293E,XOR,76
>> side channel attacks are dangerous,51514F1C060B0A4F0C070E01010A034F0E1B1B0E0C041C4F0E1D0A4F0B0E01080A1D001A1C,XOR,111
machine learning enhances cryptanalysis,CAC6C4CFCEC9C287CBC2C6D5C9CEC9C087C2C9CFC6C9C4C2D487C4D5DED7D3C6C9C6CBDED4CED4,XOR,167
CIPHERTEXT ONLY ATTACK SCENARIO,JVZVQEARHHAASLKHFNJXCQQAHESC,VIGENERE,HNKOMN
Machine learning enhances cryptanalysis,HINLDIMWIVMVTRBZVSEIXMDGMTXEEIVTJWDN,VIGENERE,VILEV
side channel attacks are dangerous,VLGHFKDQQHODWWDFNVDUHGDQJHURXV,CAESAR,3
machine learning enhances cryptanalysis!,KYAFGLCJCYPLGLECLFYLACQAPWNRYLYJWQGQ,CAESAR,24
DATA PREPROCESSING IS IMPORTANT,545144513040425540425F53554343595E5730594330595D405F4244515E44,XOR,16
>> security depends on implementation,6B6B7526303620273C212C75313025303B3126753A3B753C3825393038303B2134213C3A3B,XOR,85
machine learning enhances cryptanalysis!,JBLARYBMNTAYFOPXWSXOLXBNOZYMJYXMHLRD,VIGENERE,XBJTJL
>> machine learning enhances cryptanalysis,0909175A56545F5E5952175B525645595E59501752595F56595452441754454E47435659565B4E445E44,XOR,55
artificial intelligence changes security!,EVXMJMGMEPMRXIPPMKIRGIGLERKIWWIGYVMXC,CAESAR,4
>> data preprocessing is important,BILYXJCXJMKWQAALOAQQENWJRIFR,VIGENERE,YIS
this project uses python!,8E929389DA8A8895909F998EDA8F899F89DA8A838E929594DB,XOR,250
>> security depends on implementation,9B9B85D6C0C6D0D7CCD1DC85C1C0D5C0CBC1D685CACB85CCC8D5C9C0C8C0CBD1C4D1CCCACB,XOR,165
ciphertext only attack scenario,8D879E868B9C9A8B969ACE81808297CE8F9A9A8F8D85CE9D8D8B808F9C8781,XOR,238
classical ciphers are educational,LUJBBRLJULRYQNABJANNMDLJCRXWJU,CAESAR,9
Classical ciphers are educational,HPSXWAHEDHMHMIJXEJJIVZGSYMGSED,VIGENERE,FES
random forest is a strong classifier,PYLBMKDMPCQRGQYQRPMLEAJYQQGDGCP,CAESAR,24
cryptography is fun,EBFAF1F8FCE7EFFAE9F8E0F1A8E1FBA8EEFDE6,XOR,136
this project uses python!,DMTBMBYOPLQECJDYVDRTY,VIGENERE,KFLJXK
>> security depends on implementation,UGEWTKVAFGRGPFUQPKORNGOGPVCVKQP,CAESAR,2
ARTIFICIAL INTELLIGENCE CHANGES SECURITY,4C5F59444B444E444C412D444359484141444A48434E482D4E454C434A485E2D5E484E585F445954,XOR,13
Machine learning enhances cryptanalysis,BTQUQTTESNZTXGURVNPGQRAIGRDGITPEMFQY,VIGENERE,PTONIG
ciphertext only attack scenario,FRKCWGWNSOGCOHVOLPFTNXWCDADJ,VIGENERE,DJVVSP
Ciphertext only attack scenario,KQXPMZBMFBWVTGIBBIKSAKMVIZQW,CAESAR,8
>> random forest is a strong classifier,SBOEPNGPSFTUJTBTUSPOHDMBTTJGJFS,CAESAR,1
This project uses python,SGHROQNIDBSTRDROXSGNM,CAESAR,25
Artificial intelligence changes security,DRIFSLCXXYLNIBYOIVBAFERENQGTPFHCJOVWY,VIGENERE,DAPXN
ARTIFICIAL INTELLIGENCE CHANGES SECURITY,QIOHVZXHQCDMJVGKYXZMSVXGQEBDIJZBKIDSO,VIGENERE,QRVZ
data preprocessing is important,QAHNPFRPFBCSFSWAGWFIACOFGABG,VIGENERE,NAO
Machine learning enhances cryptanalysis,230F0D0607000B4E020B0F1C000700094E0B00060F000D0B1D4E0D1C171E1A0F000F02171D071D,XOR,110
security depends on implementation!,D7C1C7D1D6CDD0DD84C0C1D4C1CAC0D784CBCA84CDC9D4C8C1C9C1CAD0C5D0CDCBCA85,XOR,164
Random forest is a strong classifier,ENAQBZSBERFGVFNFGEBATPYNFFVSVRE,CAESAR,13
Cryptography is fun,WLSJNIALUJBSCMZOH,CAESAR,20
Side channel attacks are dangerous,GWRSQVOBBSZOHHOQYGOFSROBUSFCIG,CAESAR,14
MACHINE LEARNING ENHANCES CRYPTANALYSIS,CCOQFXUNQJOXYPSNKRQPONPMHABCXXQNKBFC,VIGENERE,QCMJXK
This project uses python,WKLVSURMHFWXVHVSBWKRQ,CAESAR,3
ciphertext only attack scenario,E0EAF3EBE6F1F7E6FBF7A3ECEDEFFAA3E2F7F7E2E0E8A3F0E0E6EDE2F1EAEC,XOR,131
This project uses python,AKMAWUSRLFXCZHWXFWLWU,VIGENERE,HDEI
THIS PROJECT USES PYTHON,7C60617B08787A67626D6B7C087D7B6D7B0878717C606766,XOR,40
MACHINE LEARNING ENHANCES CRYPTANALYSIS,323E3C3736313A5F333A3E2D313631385F3A31373E313C3A2C5F3C2D262F2B3E313E33262C362C,XOR,127
>> side channel attacks are dangerous,4D4D53001A171653101B121D1D161F5312070712101800531201165317121D1416011C0600,XOR,115
>> security depends on implementation,WSEJFMHASSTSPSGSBKBDPSOTBXOVXCR,VIGENERE,EOCPO
Classical ciphers are educational,4C636E7C7C666C6E632F6C667F676A7D7C2F6E7D6A2F6A6B7A6C6E7B6660616E63,XOR,15
>> data preprocessing is important,NKDKZBOZBYMOCCSXQSCSWZYBDKXD,CAESAR,10
side channel attacks are dangerous!,UKFGEJCPPGNCVVCEMUCTGFCPIGTQWU,CAESAR,2
Data preprocessing is important,YVOVKMZKMJXZNNDIBDNDHKJMOVIO,CAESAR,21
>> machine learning enhances cryptanalysis,BCBCA2EFE3E1EAEBECE7A2EEE7E3F0ECEBECE5A2E7ECEAE3ECE1E7F1A2E1F0FBF2F6E3ECE3EEFBF1EBF1,XOR,130
random forest is a strong classifier!,FCEFE0EAE1E3AEE8E1FCEBFDFAAEE7FDAEEFAEFDFAFCE1E0E9AEEDE2EFFDFDE7E8E7EBFCAF,XOR,142
cryptography is fun!,C4D5DED7D3C8C0D5C6D7CFDE87CED487C1D2C986,XOR,167
This project uses python,2E1213095A0A0815101F190E5A0F091F095A0A030E121514,XOR,122
CIPHERTEXT ONLY ATTACK SCENARIO,RXEWTGITMIDCANPIIPRZHRTCPGXD,CAESAR,15
Machine learning enhances cryptanalysis,5B77757E7F7873367A737764787F78713673787E77787573653675646F66627778777A6F657F65,XOR,22
CIPHERTEXT ONLY ATTACK SCENARIO,KQXPMZBMFBWVTGIBBIKSAKMVIZQW,CAESAR,8
side channel attacks are dangerous!,F5EFE2E3A6E5EEE7E8E8E3EAA6E7F2F2E7E5EDF5A6E7F4E3A6E2E7E8E1E3F4E9F3F5A7,XOR,134
SECURITY DEPENDS ON IMPLEMENTATION,BQPSBRFLBOYQABCXZVKZUQZCXCMGGYW,VIGENERE,JMNYK
security depends on implementation,D5C3C5D3D4CFD2DF86C2C3D6C3C8C2D586C9C886CFCBD6CAC3CBC3C8D2C7D2CFC9C8,XOR,166
data preprocessing is important,UVFRKDVKDFXQJNUEBUJDYGJDKVZK,VIGENERE,RVM
Classical ciphers are educational,98B7BAA8A8B2B8BAB7FBB8B2ABB3BEA9A8FBBAA9BEFBBEBFAEB8BAAFB2B4B5BAB7,XOR,219
SECURITY DEPENDS ON IMPLEMENTATION,KZGMMMLTHWKIFYWGIMEKPWHIFOELDSF,VIGENERE,SVE
Data preprocessing is important,F7D2C7D293C3C1D6C3C1DCD0D6C0C0DADDD493DAC093DADEC3DCC1C7D2DDC7,XOR,179
RANDOM FOREST IS A STRONG CLASSIFIER,E4F7F8F2F9FB96F0F9E4F3E5E296FFE596F796E5E2E4F9F8F196F5FAF7E5E5FFF0FFF3E4,XOR,182
Machine learning enhances cryptanalysis,2C000209080F04410D0400130F080F0641040F09000F020412410213181115000F000D18120812,XOR,97
DATA PREPROCESSING IS IMPORTANT,F0F5E0F594E4E6F1E4E6FBF7F1E7E7FDFAF394FDE794FDF9E4FBE6E0F5FAE0,XOR,180
ciphertext only attack scenario,CFC5DCC4C9DED8C9D4D88CC3C2C0D58CCDD8D8CDCFC78CDFCFC9C2CDDEC5C3,XOR,172
>> random forest is a strong classifier,CJSOXRQXWPBYTBFDCWZWLNUFDBNQRJC,VIGENERE,LJF
This project uses python,ALMUWVSLLGXWZIWRFXLQU,VIGENERE,HEEC
classical ciphers are educational,A5AAA7B5B5AFA5A7AAE6A5AFB6AEA3B4B5E6A7B4A3E6A3A2B3A5A7B2AFA9A8A7AA,XOR,198
>> ciphertext only attack scenario,YELDANPATPKJHUWPPWYGOYAJWNEK,CAESAR,22
>> data preprocessing is important,XUNUJLYJLIWYMMCHACMCGJILNUHN,CAESAR,20
RANDOM FOREST IS A STRONG CLASSIFIER,XGTJUSLUXKYZOYGYZXUTMIRGYYOLOKX,CAESAR,6
SECURITY DEPENDS ON IMPLEMENTATION,223432242338252851353421343F3522513E3F51383C213D343C343F253025383E3F,XOR,113
cryptography is fun!,QKHNHHPPOIQWWLOSB,VIGENERE,OTJY
SIDE CHANNEL ATTACKS ARE DANGEROUS,6D777A7B1E7D767F70707B721E7F6A6A7F7D756D1E7F6C7B1E7A7F70797B6C716B6D,XOR,62
classical ciphers are educational!,OXMEEUOMXOUBTQDEMDQQPGOMFUAZMX,CAESAR,12
security depends on implementation!,QQSKEGFOTRNQDTFMZYCCJQCUARMJYBL,VIGENERE,YMQQN
ARTIFICIAL INTELLIGENCE CHANGES SECURITY,6576706D626D676D6568046D6A706168686D63616A676104676C656A6361770477616771766D707D,XOR,36
classical ciphers are educational,1F101D0F0F151F1D105C1F150C14190E0F5C1D0E195C1918091F1D081513121D10,XOR,124
>> data preprocessing is important,AXQXMOBMOLZBPPFKDFPFJMLOQXKQ,CAESAR,23
ciphertext only attack scenario,ANXFJZRJFRTVJDIRYIAPAAJVYWQM,VIGENERE,YFI
>> side channel attacks are dangerous,GWRSQVOBBSZOHHOQYGOFSROBUSFCIG,CAESAR,14
MACHINE LEARNING ENHANCES CRYPTANALYSIS,MNDTYNRMQQRAJZWEAIMDCRTOHYCUMDAYZEYS,VIGENERE,ANBMQ
DATA PREPROCESSING IS IMPORTANT,OHTLWRPWRZJEDZIYNIDPMAVREHNE,VIGENERE,LHA
data preprocessing is important,C3C6D3C687D7D5C2D7D5C8C4C2D4D4CEC9C087CED487CECAD7C8D5D3C6C9D3,XOR,167
DATA PREPROCESSING IS IMPORTANT,FCVCRTGRTQEGUUKPIKUKORQTVCPV,CAESAR,2
classical ciphers are educational!,B6B9B4A6A6BCB6B4B9F5B6BCA5BDB0A7A6F5B4A7B0F5B0B1A0B6B4A1BCBABBB4B9F4,XOR,213
artificial intelligence changes security!,CRBKFQEIINIVVETNIOGNKGCPCNOGSAGCCTIBA,VIGENERE,CAI
THIS PROJECT USES PYTHON,A5B9B8A2D1A1A3BEBBB4B2A5D1A4A2B4A2D1A1A8A5B9BEBF,XOR,241
>> security depends on implementation,QNJSAPRHKCYLLMZMWPKYSCVLLCHRRVL,VIGENERE,YJH
classical ciphers are educational,KTIAAQKITKQXPMZAIZMMLCKIBQWVIT,CAESAR,8
>> random forest is a strong classifier,UPGGDFIDKHHMLHTVIKRCZFATVHBIXXU,VIGENERE,DPT
ciphertext only attack scenario,E7EDF4ECE1F6F0E1FCF0A4EBEAE8FDA4E5F0F0E5E7EFA4F7E7E1EAE5F6EDEB,XOR,132
SECURITY DEPENDS ON IMPLEMENTATION,76606670776C717C05616075606B6176056A6B056C6875696068606B7164716C6A6B,XOR,37
classical ciphers are educational!,WFUMMCWUFWCJBYLMULYYXOWUNCIHUF,CAESAR,20
DATA PREPROCESSING IS IMPORTANT,2F2A3F2A4B3B392E3B3924282E383822252C4B22384B22263B24393F2A253F,XOR,107
artificial intelligence changes security,9B888E939C9399939B96DA93948E9F9696939D9F94999FDA99929B949D9F89DA899F998F88938E83,XOR,250
data preprocessing is important,E8EDF8EDACFCFEE9FCFEE3EFE9FFFFE5E2EBACE5FFACE5E1FCE3FEF8EDE2F8,XOR,140
>> ciphertext only attack scenario,383826656F766E637472637E722669686A7F2667727267656D267565636867746F69,XOR,6
random forest is a strong classifier!,MVIYJHAJMZNODNVNOMJIBXGVNNDADZM,CAESAR,21
Random forest is a strong classifier,CZPONOQNTPRVTRCDSTZMINKCDRKQHGC,VIGENERE,LZC
DATA PREPROCESSING IS IMPORTANT,EDE8FDE889F9FBECF9FBE6EAECFAFAE0E7EE89E0FA89E0E4F9E6FBFDE8E7FD,XOR,169
>> machine learning enhances cryptanalysis,FCFCE2AFA3A1AAABACA7E2AEA7A3B0ACABACA5E2A7ACAAA3ACA1A7B1E2A1B0BBB2B6A3ACA3AEBBB1ABB1,XOR,194
DATA PREPROCESSING IS IMPORTANT,PMFMBDQBDAOQEEUZSUEUYBADFMZF,CAESAR,12
Ciphertext only attack scenario,6E445D45485F594855590D424341540D4C59594C4E460D5E4E48434C5F4442,XOR,45
side channel attacks are dangerous!,5C464B4A0F4C474E41414A430F4E5B5B4E4C445C0F4E5D4A0F4B4E41484A5D405A5C0E,XOR,47
artificial intelligence changes security,A6B5B3AEA1AEA4AEA6ABE7AEA9B3A2ABABAEA0A2A9A4A2E7A4AFA6A9A0A2B4E7B4A2A4B2B5AEB3BE,XOR,199
side channel attacks are dangerous,THJFDGGOODRBUSGDLRGSFCGOHDXPVR,VIGENERE,BZGB
Data preprocessing is important,2207120746161403161409050315150F0801460F15460F0B16091412070812,XOR,102
ciphertext only attack scenario!,ACVFYXRYDRITJSGRNGAEYAYTYLOM,VIGENERE,YUG
Classical ciphers are educational,XGVNNDXVGXDKCZMNVMZZYPXVODJIVG,CAESAR,21
Data preprocessing is important,PMFMBDQBDAOQEEUZSUEUYBADFMZF,CAESAR,12
random forest is a strong classifier!,03101F151E1C51171E031402055118025110510205031E1F1651121D100202181718140350,XOR,113
Random forest is a strong classifier,HQDTECVEHUIJYIQIJHEDWSBQIIYVYUH,CAESAR,16
Side channel attacks are dangerous,162C212065262D242B2B20296524313124262E36652437206521242B2220372A3036,XOR,69
machine learning enhances cryptanalysis!,AOQVWBSZSOFBWBUSBVOBQSGQFMDHOBOZMGWG,CAESAR,14
SECURITY DEPENDS ON IMPLEMENTATION,1F090F191E0518156C08091C0902081F6C03026C05011C0009010902180D18050302,XOR,76
data preprocessing is important,OLELACPACZNPDDTYRTDTXAZCELYE,CAESAR,11
Classical ciphers are educational,HHODGJHWZNWQMAFDOSJARFQBYECYOM,VIGENERE,FWOLOB
>> data preprocessing is important,XZUCKLDQTJWDTUDHFJUDGOPTOUMU,VIGENERE,UZBCV
Random forest is a strong classifier,9CAFA0AAA1A3EEA8A1BCABBDBAEEA7BDEEAFEEBDBABCA1A0A9EEADA2AFBDBDA7A8A7ABBC,XOR,206
artificial intelligence changes security,ULNCZCWCUFCHNYFFCAYHWYWBUHAYMMYWOLCNS,CAESAR,20
side channel attacks are dangerous,VLGHFKDQQHODWWDFNVDUHGDQJHURXV,CAESAR,3
This project uses python,LIBWKFGKXGOIKFLTTHZPG,VIGENERE,SBTEVO
Data preprocessing is important,VEJSTHWTHGGUKWYFKYKMCHSHLEDL,VIGENERE,SEQ
data preprocessing is important!,KDTXUYHPOTJHSPNUJIPNTSOOYHQT,VIGENERE,HDAXF
>> side channel attacks are dangerous,AGLMAPILVMJIBRIKIAIPMLYVOCZWSA,VIGENERE,IYI
SIDE CHANNEL ATTACKS ARE DANGEROUS,19030E0F6A09020B04040F066A0B1E1E0B0901196A0B180F6A0E0B040D0F18051F19,XOR,74
SIDE CHANNEL ATTACKS ARE DANGEROUS,XNIJHMFSSJQFYYFHPXFWJIFSLJWTZX,CAESAR,5
machine learning enhances cryptanalysis!,JXZEFKBIBXOKFKDBKEXKZBPZOVMQXKXIVPFP,CAESAR,23
side channel attacks are dangerous,8B919C9DD89B909996969D94D8998C8C999B938BD8998A9DD89C99969F9D8A978D8B,XOR,248
Data preprocessing is important,557065703161637461637E72746262787F7631786231787C617E6365707F65,XOR,17
>> ciphertext only attack scenario,HELDYWPATNTJHUUYPWYEXYAJUWEK,VIGENERE,FWWWU
Artificial intelligence changes security,7B484E535C5359535B561A53544E5F5656535D5F54595F1A59525B545D5F491A495F594F48534E43,XOR,58
MACHINE LEARNING ENHANCES CRYPTANALYSIS,UIKPQVMTMIZVQVOMVPIVKMAKZGXBIVITGAQA,CAESAR,8
side channel attacks are dangerous,GHUIVVZERXZZKXTQJJEKSCRRZSQFYL,VIGENERE,OZRET
machine learning enhances cryptanalysis,IXRXVLAITQELEKVUAFWKRUFANVEJNLWINIVQ,VIGENERE,WXPQNY
>> random forest is a strong classifier,WFSITRKTWJXYNXFXYWTSLHQFXXNKNJW,CAESAR,5
data preprocessing is important,YQEENIZFCSAVNITREZNYXTMIOQYX,VIGENERE,VQLEYR
SECURITY DEPENDS ON IMPLEMENTATION,GSQIFWHMRSDSBRGCBWADZSASBHOHWCB,CAESAR,14
ciphertext only attack scenario,TZGYVIKVOKFECPRKKRTBJTVERIZF,CAESAR,17
Artificial intelligence changes security,GXZOLOIOGROTZKRROMKTIKINGTMKYYKIAXOZE,CAESAR,6
DATA PREPROCESSING IS IMPORTANT,FIZUGTMVLFEMYMZPOOMZOXULKCVZ,VIGENERE,CIGUR
CLASSICAL CIPHERS ARE EDUCATIONAL,0D020F1D1D070D0F026E0D071E060B1C1D6E0F1C0B6E0B0A1B0D0F1A0701000F02,XOR,78
>> security depends on implementation,JVTLIZKPUVGVEUJFEZDGCVDVEKRKZFE,CAESAR,17
>> artificial intelligence changes security,161608495A5C414E414B4149440841465C4D4444414F4D464B4D084B4049464F4D5B085B4D4B5D5A415C51,XOR,40
>> artificial intelligence changes security,D9D9C78695938E818E848E868BC78E8993828B8B8E8082898482C7848F8689808294C794828492958E939E,XOR,231
Security depends on implementation,586E687E79627F722B6F6E7B6E656F782B64652B62667B676E666E657F6A7F626465,XOR,11
cryptography is fun,XMTKOJBMVKCTDNAPI,CAESAR,21
Security depends on implementation,65535543445F424F1652534653585245165958165F5B465A535B53584257425F5958,XOR,54
security depends on implementation!,D7C1C7D1D6CDD0DD84C0C1D4C1CAC0D784CBCA84CDC9D4C8C1C9C1CAD0C5D0CDCBCA85,XOR,164
cryptography is fun!,EFFEF5FCF8E3EBFEEDFCE4F5ACE5FFACEAF9E2AD,XOR,140
Classical ciphers are educational,BKVERHXMKBDBGDMEZQZQCTXMSHJZZK,VIGENERE,ZZVM
classical ciphers are educational!,ZIXPPFZXIZFMEBOPXOBBARZXQFLKXI,CAESAR,23
CRYPTOGRAPHY IS FUN,RFEZMSVFGZACXGLEG,VIGENERE,POGKTE
Data preprocessing is important,B99C899CDD8D8F988D8F929E988E8E94939ADD948EDD94908D928F899C9389,XOR,253
data preprocessing is important!,CZSZOQDOQNBDRRHMFHRHLONQSZMS,CAESAR,25
>> data preprocessing is important,22223C787D687D3C6C6E796C6E737F796F6F75727B3C756F3C75716C736E687D7268,XOR,28
DATA PREPROCESSING IS IMPORTANT,LOAIDYMDYWQLAGPVUPAWTXCYBOUB,VIGENERE,IOH
artificial intelligence changes security,KBDSPSMSKVSXDOVVSQOXMOMRKXQOCCOMEBSDI,CAESAR,10
>> random forest is a strong classifier,WKFATWXLWOKQNCSPYBGKLMDXXCACNOJ,VIGENERE,FKSX
DATA PREPROCESSING IS IMPORTANT,TQJQFHUFHESUIIYDWYIYCFEHJQDJ,CAESAR,16
ciphertext only attack scenario!,RIRTUGTGJJDNNKQITCOAHCGZQGIQ,VIGENERE,PACMQ
SIDE CHANNEL ATTACKS ARE DANGEROUS,LBWXVATGGXETMMTVDLTKXWTGZXKHNL,CAESAR,19
data preprocessing is important,NKDKZBOZBYMOCCSXQSCSWZYBDKXD,CAESAR,10
>> side channel attacks are dangerous,93938DDEC4C9C88DCEC5CCC3C3C8C18DCCD9D9CCCEC6DE8DCCDFC88DC9CCC3CAC8DFC2D8DE,XOR,173
Side channel attacks are dangerous,506A676623606B626D6D666F2362777762606870236271662367626D6466716C7670,XOR,3
machine learning enhances cryptanalysis!,VJLQRWNUNJAWRWPNWQJWLNBLAHYCJWJUHBRB,CAESAR,9
data preprocessing is important!,PBLMQJQQJADWETAZHAEJEBPJFBFF,VIGENERE,MBS
CIPHERTEXT ONLY ATTACK SCENARIO,EUFVCTFULRQZBMYVFQQIUOUBYTUE,VIGENERE,CMQOY
Ciphertext only attack scenario,ECC6DFC7CADDDBCAD7DB8FC0C1C3D68FCEDBDBCECCC48FDCCCCAC1CEDDC6C0,XOR,175
security depends on implementation,WIGYVMXCHITIRHWSRMQTPIQIRXEXMSR,CAESAR,4
Random forest is a strong classifier,PETWEKJUKUQXOLQQXXHDEGRTIQMLBUP,VIGENERE,YEGTQ
>> random forest is a strong classifier,TCPFQOHQTGUVKUCUVTQPIENCUUKHKGT,CAESAR,2
CRYPTOGRAPHY IS FUN,15040F060219110417061E0F761F0576100318,XOR,86
>> side channel attacks are dangerous,LYHOVXEXGUPKMJEMDIEBXTEXZUVYNI,VIGENERE,TQEK
Security depends on implementation,FRPHEVGLQRCRAQFBAVZCYRZRAGNGVBA,CAESAR,13
Security depends on implementation,04323422253E232E7733322732393324773839773E3A273B323A32392336233E3839,XOR,87
>> ciphertext only attack scenario,40405E1D170E161B0C0A1B060A5E111012075E1F0A0A1F1D155E0D1D1B101F0C1711,XOR,126
Security depends on implementation,DOXFBDEIYPZZYNNZXDXZGPWZYDVESJY,VIGENERE,LKV
machine learning enhances cryptanalysis!,222E2C2726212A6F232A2E3D212621286F2A21272E212C2A3C6F2C3D363F3B2E212E23363C263C6E,XOR,79
>> cryptography is fun,WQWHLIFPSHBXGKXOM,VIGENERE,UZYSS
this project uses python,0F1312085B0B0914111E180F5B0E081E085B0B020F131415,XOR,123
>> artificial intelligence changes security,878799D8CBCDD0DFD0DAD0D8D599D0D7CDDCD5D5D0DEDCD7DADC99DAD1D8D7DEDCCA99CADCDACCCBD0CDC0,XOR,185
security depends on implementation!,OAYQNEPUZALAJZOKJEILHAIAJPWPEKJ,CAESAR,22
this project uses python,879B9A80D383819C99969087D386809680D3838A879B9C9D,XOR,243
MACHINE LEARNING ENHANCES CRYPTANALYSIS,BPRWXCTATPGCXCVTCWPCRTHRGNEIPCPANHXH,CAESAR,15
data preprocessing is important!,ROHODFSDFCQSGGWBUWGWADCFHOBH,CAESAR,14
this project uses python!,B3AFAEB4E7B7B5A8ADA2A4B3E7B2B4A2B4E7B7BEB3AFA8A9E6,XOR,199
security depends on implementation!,C8DED8CEC9D2CFC29BDFDECBDED5DFC89BD4D59BD2D6CBD7DED6DED5CFDACFD2D4D59A,XOR,187
CRYPTOGRAPHY IS FUN,75646F666279716477667E6F167F6516706378,XOR,54
Ciphertext only attack scenario,38120B131E090F1E030F5B141517025B1A0F0F1A18105B08181E151A091214,XOR,123
ciphertext only attack scenario!,QZZYSIDVLKYEZPKKHRMBGTOEOISF,VIGENERE,ORKR
Data preprocessing is important,381D081D5C0C0E190C0E131F190F0F15121B5C150F5C15110C130E081D1208,XOR,124
THIS PROJECT USES PYTHON,AQGBLYXHNYADQNOWHRQKU,VIGENERE,HJYJW
this project uses python!,EYHPXAZADZBDDVRMGCSFM,VIGENERE,LRZXIJ
>> machine learning enhances cryptanalysis,B2B2ACE1EDEFE4E5E2E9ACE0E9EDFEE2E5E2EBACE9E2E4EDE2EFE9FFACEFFEF5FCF8EDE2EDE0F5FFE5FF,XOR,140
random forest is a strong classifier!,ABWZXNOKAFBPRTJOCSXJPDUWBTRBRFA,VIGENERE,JBJW
Machine learning enhances cryptanalysis,JPINZKTRKROCOTXBCNGEZTYIIVEZGEXAEYZP,VIGENERE,XPGGR
>> classical ciphers are educational,787866252A2735352F25272A66252F362E23343566273423662322332527322F2928272A,XOR,70
artificial intelligence changes security,DFCCCAD7D8D7DDD7DFD29ED7D0CADBD2D2D7D9DBD0DDDB9EDDD6DFD0D9DBCD9ECDDBDDCBCCD7CAC7,XOR,190
SECURITY DEPENDS ON IMPLEMENTATION,UGEWTKVAFGRGPFUQPKORNGOGPVCVKQP,CAESAR,2
CIPHERTEXT ONLY ATTACK SCENARIO,7F756C74796E687964681C737270651C7D68687D7F771C6F7F79727D6E7573,XOR,60
cryptography is fun,YGBKRKVUVNDNLNDQC,VIGENERE,WPDVY
artificial intelligence changes security,9A898F929D9298929A97DB92958F9E9797929C9E95989EDB98939A959C9E88DB889E988E89928F82,XOR,251
artificial intelligence changes security!,9182849996999399919CD0999E84959C9C9997959E9395D09398919E979583D08395938582998489D1,XOR,240
side channel attacks are dangerous!,475D505114575C555A5A51581455404055575F47145546511450555A5351465B414715,XOR,52
Classical ciphers are educational,ANUQUCACFAKJFGLQCLCGXSEURKILCF,VIGENERE,YCU
SECURITY DEPENDS ON IMPLEMENTATION,EDFBFDEBECF7EAE79EFAFBEEFBF0FAED9EF1F09EF7F3EEF2FBF3FBF0EAFFEAF7F1F0,XOR,190
CRYPTOGRAPHY IS FUN,DDXEUAFGBBGNJEEJO,VIGENERE,BMZP
Artificial intelligence changes security,BSUJGJDJBMJOUFMMJHFODFDIBOHFTTFDVSJUZ,CAESAR,1
>> classical ciphers are educational,22223C7F707D6F6F757F7D703C7F756C74796E6F3C7D6E793C7978697F7D687573727D70,XOR,28
Data preprocessing is important,HQHIVQIFFWIDWIWVMHWYAXUQXQBB,VIGENERE,EQOIGZ
Machine learning enhances cryptanalysis,KYAFGLCJCYPLGLECLFYLACQAPWNRYLYJWQGQ,CAESAR,24
Side channel attacks are dangerous,63595455105358515E5E555C1051444451535B43105142551054515E5755425F4543,XOR,48
Cryptography is fun,HKSBYHADFIBKNLZGS,VIGENERE,FTUM
>> random forest is a strong classifier,DVQPJPRJUQNWUNDEOUAIJOGDENLRDHD,VIGENERE,MVD
ARTIFICIAL INTELLIGENCE CHANGES SECURITY,HRBUMPCQMSPNBQSSIOQUJEKTHUGMEZLCCDPAY,VIGENERE,HAIMH
Side channel attacks are dangerous,KFVEKZXFNMDXLTIUHKAZWASNOWOGUA,VIGENERE,SXSAI
DATA PREPROCESSING IS IMPORTANT,ZWPWLNALNKYAOOEJCEOEILKNPWJP,CAESAR,22
machine learning enhances cryptanalysis!,YVSDUIUHQVHJUIWAZCQJOZIYDTFPMIQHKNYO,VIGENERE,MVQW
classical ciphers are educational,88878A989882888A87CB88829B838E9998CB8A998ECB8E8F9E888A9F8284858A87,XOR,235
Classical ciphers are educational,7A55584A4A505A5855195A5049515C4B4A19584B5C195C5D4C5A584D5056575855,XOR,57
THIS PROJECT USES PYTHON,HEBDDOHUSZMFGBLAMQAZB,VIGENERE,OXTL
>> random forest is a strong classifier,PHIBMTAMPLNRGZVQRYJLEJGYQZDDGLM,VIGENERE,YHVY
security depends on implementation,00161006011A070A53171603161D1700531C1D531A1E031F161E161D0712071A1C1D,XOR,115
Ciphertext only attack scenario,VBIAXKMXQMHGERTMMTVDLVXGTKBH,CAESAR,19
machine learning enhances cryptanalysis,85898B8081868DC8848D899A8681868FC88D868089868B8D9BC88B9A91989C89868984919B819B,XOR,232
CIPHERTEXT ONLY ATTACK SCENARIO,C9C3DAC2CFD8DECFD2DEAAC5C4C6D3AACBDEDECBC9C1AAD9C9CFC4CBD8C3C5,XOR,138
ARTIFICIAL INTELLIGENCE CHANGES SECURITY,DMZEXXFDGHACWZRHAVHIIAUWDIMAKHHXANAIB,VIGENERE,DVGWSP
>> machine learning enhances cryptanalysis,AESVMDSPUOVDWRWSRXORSSWSFCFHEDOPOGMI,VIGENERE,OEQ
random forest is a strong classifier!,7D6E616B60622F69607D6A7C7B2F667C2F6E2F7C7B7D6061682F6C636E7C7C6669666A7D2E,XOR,15
ciphertext only attack scenario!,ACA6BFA7AABDBBAAB7BBEFA0A1A3B6EFAEBBBBAEACA4EFBCACAAA1AEBDA6A0EE,XOR,207
classical ciphers are educational,CIGKUIZGDEIMNWTSXXWGDRISVILTSN,VIGENERE,AXGSC
cryptography is fun!,TSAGUQXSCGIAZTHLO,VIGENERE,RBC
side channel attacks are dangerous,XGHCWEFLRCFXYREAEPFPIBUKLCVMOP,VIGENERE,FYEYUX
Random forest is a strong classifier,DMPYJDRATZNKUECNOIAZIXGREEKADVD,VIGENERE,MMCVVR
Artificial intelligence changes security,GXZOLOIOGROTZKRROMKTIKINGTMKYYKIAXOZE,CAESAR,6
ciphertext only attack scenario!,42485149445355445955014E4F4D580140555540424A015242444F4053484E00,XOR,33
this project uses python,DRSCZBYTOMDECOCZIDRYX,CAESAR,10
>> side channel attacks are dangerous,ZPRPGPHUBPPIAAONOAHYSOEVNLFZYA,VIGENERE,HHOLEI
this project uses python,PDEOLNKFAYPQOAOLUPDKJ,CAESAR,22
>> random forest is a strong classifier,ZIVLWUNWZMABQAIABZWVOKTIAAQNQMZ,CAESAR,8
this project uses python,NBCMJLIDYWNOMYMJSNBIH,CAESAR,20
cryptography is fun!,CEDFD4DDD9C2CADFCCDDC5D48DC4DE8DCBD8C38C,XOR,173
CRYPTOGRAPHY IS FUN,4F5E555C58434B5E4D5C44552C455F2C4A5942,XOR,12
random forest is a strong classifier!,JSFVGEXGJWKLAKSKLJGFYUDSKKAXAWJ,CAESAR,18
this project uses python,KYZJGIFAVTKLJVJGPKYFE,CAESAR,17
CLASSICAL CIPHERS ARE EDUCATIONAL,D7D8D5C7C7DDD7D5D8B4D7DDC4DCD1C6C7B4D5C6D1B4D1D0C1D7D5C0DDDBDAD5D8,XOR,148
>> data preprocessing is important,F8F8E6A2A7B2A7E6B6B4A3B6B4A9A5A3B5B5AFA8A1E6AFB5E6AFABB6A9B4B2A7A8B2,XOR,198
DATA PREPROCESSING IS IMPORTANT,YQANKHLCMEJRNIPABYZVHFVEOQUG,VIGENERE,VQHN
Classical ciphers are educational,UDSKKAUSDUAHZWJKSJWWVMUSLAGFSD,CAESAR,18
SECURITY DEPENDS ON IMPLEMENTATION,FDEBEDFBFCE7FAF78EEAEBFEEBE0EAFD8EE1E08EE7E3FEE2EBE3EBE0FAEFFAE7E1E0,XOR,174
>> random forest is a strong classifier,CUIOIHQIMPMOTMVDNMZHBNFVDMDQCZC,VIGENERE,LUV
>> random forest is a strong classifier,EEWPTKSSAQXRVWJEYPBRPOQYFWRRNCE,VIGENERE,NEJMFY
ciphertext only attack scenario!,KQXPMZBMFBWVTGIBBIKSAKMVIZQW,CAESAR,8
CLASSICAL CIPHERS ARE EDUCATIONAL,TYNJFVTNYTVCYREJNEVRQLPNKVBENY,VIGENERE,RNN
>> ciphertext only attack scenario,PVCUREGRKGBAYLNGGNPXFPRANEVB,CAESAR,13
This project uses python,ESTDACZUPNEFDPDAJESZY,CAESAR,11
machine learning enhances cryptanalysis!,DXIYFTVIKROTZKMVKNRKIVPIIVVKXTRIEJFY,VIGENERE,RXG
Cryptography is fun,EXXRZNIXZRNXKYEWT,VIGENERE,CGZ
>> security depends on implementation,IUSKHYJOTUFUDTIEDYCFBUCUDJQJYED,CAESAR,16
This project uses python,ZNFYVOUPBIZRYKPVEQNUK,VIGENERE,GGX
machine learning enhances cryptanalysis!,JXZEFKBIBXOKFKDBKEXKZBPZOVMQXKXIVPFP,CAESAR,23
SECURITY DEPENDS ON IMPLEMENTATION,JOADISRHUONNENQXESKYCOKNEDYCZYL,VIGENERE,RKYJ
random forest is a strong classifier!,D5C6C9C3C8CA87C1C8D5C2D4D387CED487C687D4D3D5C8C9C087C4CBC6D4D4CEC1CEC2D586,XOR,167
Data preprocessing is important,TPHDOHTDUNSTGVHDVWVHCECUSQCH,VIGENERE,QPODZ
Side channel attacks are dangerous,EUPQOTMZZQXMFFMOWEMDQPMZSQDAGE,CAESAR,12
data preprocessing is important!,WTMTIKXIKHVXLLBGZBLBFIHKMTGM,CAESAR,19
THIS PROJECT USES PYTHON,CQRBYAXSNLCDBNBYHCQXW,CAESAR,9
>> ciphertext only attack scenario,878799DAD0C9D1DCCBCDDCC1CD99D6D7D5C099D8CDCDD8DAD299CADADCD7D8CBD0D6,XOR,185
Random forest is a strong classifier,YHUKVTMVYLZAPZHZAYVUNJSHZZPMPLY,CAESAR,7
DATA PREPROCESSING IS IMPORTANT,SRNVEIYKGFWZHJCIVZMDBGIMIRHO,VIGENERE,PRUV
Data preprocessing is important,RFQZAWSUONNJGXFMRNGNJOZWHFKS,VIGENERE,OFXZLF
>> artificial intelligence changes security,RLUYWCDYRFJDKYMBZAFDTYDXRHHUJMFSLLJJP,VIGENERE,RUBQ
cryptography is fun,6E7F747D79626A7F6C7D65742D647E2D6B7863,XOR,13
cryptography is fun!,XMTKOJBMVKCTDNAPI,CAESAR,21
this project uses python,534F4E54075755484D424453075254425407575E534F4849,XOR,39
CRYPTOGRAPHY IS FUN,36272C25213A322734253D2C553C265533203B,XOR,117
data preprocessing is important,C0C5D0C584D4D6C1D4D6CBC7C1D7D7CDCAC384CDD784CDC9D4CBD6D0C5CAD0,XOR,164
security depends on implementation!,0E181E080F1409045D19180D1813190E5D12135D14100D1118101813091C091412135C,XOR,125
cryptography is fun,EDFCF7FEFAE1E9FCEFFEE6F7AEE7FDAEE8FBE0,XOR,142
random forest is a strong classifier,IREUFDWFIVJKZJRJKIFEXTCRJJZWZVI,CAESAR,17
>> classical ciphers are educational,SHVIODSWGSEKXAMIWMUAYKYVJEJDWG,VIGENERE,QWV
RANDOM FOREST IS A STRONG CLASSIFIER,VERHSQJSVIWXMWEWXVSRKGPEWWMJMIV,CAESAR,4
CIPHERTEXT ONLY ATTACK SCENARIO,JPWOLYALEAVUSFHAAHJRZJLUHYPV,CAESAR,7
>> security depends on implementation,ADOWCQSKFPXDZFDWMUOATDYGYBZFKZV,VIGENERE,IZMCL
random forest is a strong classifier!,4D5E515B50521F59504D5A4C4B1F564C1F5E1F4C4B4D5051581F5C535E4C4C5659565A4D1E,XOR,63
This project uses python,80BCBDA7F4A4A6BBBEB1B7A0F4A1A7B1A7F4A4ADA0BCBBBA,XOR,212
machine learning enhances cryptanalysis,ZNPUVARYRNEAVATRAUNAPRFPELCGNANYLFVF,CAESAR,13
random forest is a strong classifier!,081B141E15175A1C15081F090E5A13095A1B5A090E0815141D5A19161B0909131C131F085B,XOR,122
cryptography is fun,4F5E555C58434B5E4D5C44550C455F0C4A5942,XOR,44
machine learning enhances cryptanalysis!,EDSIPFHBFHJQYONWQXBUUHIDYQSJBUSOOTPK,VIGENERE,SDQBH
>> this project uses python,UJDAGSQEMTUWNMJQAOPFO,VIGENERE,BCVIR
security depends on implementation,DPNFCTEJOPAPYODZYTXAWPXPYELETZY,CAESAR,11
CRYPTOGRAPHY IS FUN,66777C75716A627764756D7C056C760563706B,XOR,37
random forest is a strong classifier,JHFPGTXAJLKFAZSELYGZYJDMKZARALJ,VIGENERE,SHSM
Ciphertext only attack scenario,BEMJDNQGWPLPKUXVSWZMRYBPZNFQ,VIGENERE,ZWXC
Ciphertext only attack scenario,GMTLIVXIBXSRPCEXXEGOWGIREVMS,CAESAR,4
RANDOM FOREST IS A STRONG CLASSIFIER,CLYOZXQZCPDETDLDECZYRNWLDDTQTPC,CAESAR,11
>> security depends on implementation,58584615030513140F121F4602031603080215460908460F0B160A030B03081207120F0908,XOR,102
data preprocessing is important,2227322766363423363429252335352F2821662F35662F2B36293432272832,XOR,70
side channel attacks are dangerous!,EUPQOTMZZQXMFFMOWEMDQPMZSQDAGE,CAESAR,12
ciphertext only attack scenario!,XAKTZJOQSLJZGQVFOSXWNUZZVJDA,VIGENERE,VSVM
>> machine learning enhances cryptanalysis,ICEPEPGTACTVEPIMJJCVYGUKNARBWPCTUUKA,VIGENERE,WCCI
artificial intelligence changes security!,A8BBBDA0AFA0AAA0A8A5E9A0A7BDACA5A5A0AEACA7AAACE9AAA1A8A7AEACBAE9BAACAABCBBA0BDB0E8,XOR,201
artificial intelligence changes security!,DTTRTLEIJZLPTNZOKGNBFGCQOQIEBGHEUAWWA,VIGENERE,DCAJO
Data preprocessing is important,IFYFUWJUWTHJXXNSLNXNRUTWYFSY,CAESAR,5
MACHINE LEARNING ENHANCES CRYPTANALYSIS,DRSULNVCUNUNZEWRQHRESRVCIPFGDNRCOFLS,VIGENERE,RRQNDA
Machine learning enhances cryptanalysis,55797B7071767D38747D796A7671767F387D767079767B7D6B387B6A61686C79767974616B716B,XOR,24
>> security depends on implementation,SNPGPKTHQQNGNMFALKMYYQKGNCNFGQN,VIGENERE,AJNMYC
CIPHERTEXT ONLY ATTACK SCENARIO,C5CFD6CEC3D4D2C3DED2A6C9C8CADFA6C7D2D2C7C5CDA6D5C5C3C8C7D4CFC9,XOR,134
artificial intelligence changes security!,FWYNKNHNFQNSYJQQNLJSHJHMFSLJXXJHZWNYD,CAESAR,5
Classical ciphers are educational,GNFFAVGCQPQCLGWFIEIGIHKNXKTAIY,VIGENERE,ECFNIN
classical ciphers are educational!,OXMEEUOMXOUBTQDEMDQQPGOMFUAZMX,CAESAR,12
CLASSICAL CIPHERS ARE EDUCATIONAL,E2EDE0F2F2E8E2E0ED81E2E8F1E9E4F3F281E0F3E481E4E5F4E2E0F5E8EEEFE0ED,XOR,161
>> side channel attacks are dangerous,0D0D13405A575613505B525D5D565F1352474752505840135241561357525D5456415C4640,XOR,51
side channel attacks are dangerous,CSNOMRKXXOVKDDKMUCKBONKXQOBYEC,CAESAR,10
cryptography is fun!,BBMZGIFBOZUSHCTEA,VIGENERE,ZKOKNU
SECURITY DEPENDS ON IMPLEMENTATION,LAIJBBPESOIATSCHJOBZEASTXMWZXYG,VIGENERE,TWGPK
artificial intelligence changes security!,XNNXXFYCPDFJNTDIEATFZAWWSKCYHKBYOGAQU,VIGENERE,XWUPS
This project uses python,STTVHQAUHUSGDHKOKEKGM,VIGENERE,ZMLDS
>> this project uses python,11110F5B47465C0F5F5D40454A4C5B0F5A5C4A5C0F5F565B474041,XOR,47
ciphertext only attack scenario,141E071F120503120F035718191B0E5716030316141C570414121916051E18,XOR,119
this project uses python!,SGVROENIRBSHRDFOXGGNA,VIGENERE,ZZN
SIDE CHANNEL ATTACKS ARE DANGEROUS,1D070A0B6E0D060F00000B026E0F1A1A0F0D051D6E0F1C0B6E0A0F00090B1C011B1D,XOR,78
This project uses python,7C40415B08585A47424D4B5C085D5B4D5B0858515C404746,XOR,40
random forest is a strong classifier!,GPCSDBUDGTHIXHPHIGDCVRAPHHXUXTG,CAESAR,15
security depends on implementation!,14020412150E131E4703021702090314470809470E0A170B020A02091306130E080946,XOR,103
>> ciphertext only attack scenario,52524C0F051C04091E180914184C030200154C0D18180D0F074C1F0F09020D1E0503,XOR,108
ciphertext only attack scenario,FGWKCYWCEWMUOWHWRHFIZFCUDPPR,VIGENERE,DYH
DATA PREPROCESSING IS IMPORTANT,D9DCC9DCBDCDCFD8CDCFD2DED8CECED4D3DABDD4CEBDD4D0CDD2CFC9DCD3C9,XOR,157
>> cryptography is fun,90908ECDDCD7DEDAC1C9DCCFDEC6D78EC7DD8EC8DBC0,XOR,174
Random forest is a strong classifier,RDVDRUFRZEVBIVISWZOQOCOISVQFLMR,VIGENERE,ADI
>> this project uses python,BBBBA5F1EDECF6A5F5F7EAEFE0E6F1A5F0F6E0F6A5F5FCF1EDEAEB,XOR,133
>> ciphertext only attack scenario,AAAAB4F7FDE4FCF1E6E0F1ECE0B4FBFAF8EDB4F5E0E0F5F7FFB4E7F7F1FAF5E6FDFB,XOR,148
this project uses python!,HFDKLHCHZUPKGCNHUJVMI,VIGENERE,OYVSWQ
Artificial intelligence changes security,QHJYVYSYQBYDJUBBYWUDSUSXQDWUIIUSKHYJO,CAESAR,16
Machine learning enhances cryptanalysis,PXGKFRHIIDORLKKHKLDKGHPGUVTWXRDICVFW,VIGENERE,DXE
Data preprocessing is important,CGJPAGDVHDNTRYYCRXROCEZGSGDI,VIGENERE,ZGQPLP
machine learning enhances cryptanalysis!,DED2D0DBDADDD693DFD6D2C1DDDADDD493D6DDDBD2DDD0D6C093D0C1CAC3C7D2DDD2DFCAC0DAC092,XOR,179
Side channel attacks are dangerous,CSNOMRKXXOVKDDKMUCKBONKXQOBYEC,CAESAR,10
cryptography is fun,NCJAEZRCLASJTDQFY,CAESAR,11
MACHINE LEARNING ENHANCES CRYPTANALYSIS,727E7C7776717A1F737A7E6D717671781F7A71777E717C7A6C1F7C6D666F6B7E717E73666C766C,XOR,63
CIPHERTEXT ONLY ATTACK SCENARIO,6A6079616C7B7D6C717D096667657009687D7D686A62097A6A6C67687B6066,XOR,41
>> data preprocessing is important,KZFUUWLODIHJZRUHLNZHYJTWAZZN,VIGENERE,HZMUFF
random forest is a strong classifier!,PYLBMKDMPCQRGQYQRPMLEAJYQQGDGCP,CAESAR,24
SECURITY DEPENDS ON IMPLEMENTATION,EEYAXQFYZKVMZDOUTQYPHKSMZTWZOWZ,VIGENERE,MAWGGI
>> machine learning enhances cryptanalysis,ESUZAFWDWSJFAFYWFZSFUWKUJQHLSFSDQKAK,CAESAR,18
Artificial intelligence changes security,OUBDTLKDOOQIHHTGWJMIQHKCOQOZGVMXIUQOM,VIGENERE,ODIV
>> side channel attacks are dangerous,6F6F7122383534713239303F3F343D7130252530323A22713023347135303F3634233E2422,XOR,81
security depends on implementation!,16000610170C111C45010015000B0116450A0B450C0815090008000B1104110C0A0B44,XOR,101
security depends on implementation,GXHPNWMDYADXSYOCGNHLZXRZJHTYDKB,VIGENERE,OTFVW
>> classical ciphers are educational,282836757A7765657F75777A36757F667E73646536776473367372637577627F7978777A,XOR,22
Artificial intelligence changes security,IZBQNQKQITQVBMTTQOMVKMKPIVOMAAMKCZQBG,CAESAR,8
classical ciphers are educational,OXMEEUOMXOUBTQDEMDQQPGOMFUAZMX,CAESAR,12
>> artificial intelligence changes security,TVLUSNVMSXVSMIDXVLXRUQPMTRYQFXXGMDVYR,VIGENERE,TESMNF
>> side channel attacks are dangerous,D2D2CC9F858889CC8F848D82828980CC8D98988D8F879FCC8D9E89CC888D828B899E83999F,XOR,236
>> artificial intelligence changes security,QHJYVYSYQBYDJUBBYWUDSUSXQDWUIIUSKHYJO,CAESAR,16
CLASSICAL CIPHERS ARE EDUCATIONAL,NWLDDTNLWNTASPCDLCPPOFNLETZYLW,CAESAR,11
>> side channel attacks are dangerous,EUPQOTMZZQXMFFMOWEMDQPMZSQDAGE,CAESAR,12
cryptography is fun!,JYFWAVNYHWOFPZMBU,CAESAR,7
>> random forest is a strong classifier,969688DAC9C6CCC7C588CEC7DACDDBDC88C1DB88C988DBDCDAC7C6CF88CBC4C9DBDBC1CEC1CDDA,XOR,168
side channel attacks are dangerous!,0D171A1B5E1D161F10101B125E1F0A0A1F1D150D5E1F0C1B5E1A1F10191B0C110B0D5F,XOR,126
random forest is a strong classifier!,TSNCQEFNTWSSKKARVJOMIULZUKIEKWR,VIGENERE,CSAZ
This project uses python,CQRBYAXSNLCDBNBYHCQXW,CAESAR,9
>> this project uses python,RVAPNFGGCQLRQSKMWHZLL,VIGENERE,YOSX
>> side channel attacks are dangerous,23233D6E7479783D7E757C737378713D7C69697C7E766E3D7C6F783D797C737A786F72686E,XOR,29
security depends on implementation,JCDSOZRZBBGCOBPFLJKMCCNCKKYUGLE,VIGENERE,RYBYX
>> side channel attacks are dangerous,GWRSQVOBBSZOHHOQYGOFSROBUSFCIG,CAESAR,14
MACHINE LEARNING ENHANCES CRYPTANALYSIS,AINVQYSTPOZYWVRSVSOVNSANFGAHIYOTJGQD,VIGENERE,OIL
machine learning enhances cryptanalysis!,LZBGHMDKDZQMHMFDMGZMBDRBQXOSZMZKXRHR,CAESAR,25
THIS PROJECT USES PYTHON,C3DFDEC4B7C7C5D8DDD2D4C3B7C2C4D2C4B7C7CEC3DFD8D9,XOR,151
>> data preprocessing is important,50504E0A0F1A0F4E1E1C0B1E1C010D0B1D1D0700094E071D4E07031E011C1A0F001A,XOR,110
>> artificial intelligence changes security,HYAPMPJPHSPUALSSPNLUJLJOHUNLZZLJBYPAF,CAESAR,7
this project uses python,2E3233297A2A2835303F392E7A2F293F297A2A232E323534,XOR,90
Ciphertext only attack scenario,C9E3FAE2EFF8FEEFF2FEAAE5E4E6F3AAEBFEFEEBE9E1AAF9E9EFE4EBF8E3E5,XOR,138
Artificial intelligence changes security,0A393F222D2228222A276B22253F2E2727222C2E25282E6B28232A252C2E386B382E283E39223F32,XOR,75
>> classical ciphers are educational,GJZWQHGYKGGOLCQWYQICCYAZXGNRYK,VIGENERE,EYZ
random forest is a strong classifier,NEUHKQMSNIZXEWHWPVVRCGSEOWPJEIY,VIGENERE,WEHE
DATA PREPROCESSING IS IMPORTANT,212431244535372035372A262036362C2B22452C36452C28352A3731242B31,XOR,101
SIDE CHANNEL ATTACKS ARE DANGEROUS,F1EBE6E782E1EAE3ECECE7EE82E3F6F6E3E1E9F182E3F0E782E6E3ECE5E7F0EDF7F1,XOR,162
classical ciphers are educational!,EFZQUUEUKAKBJYQQCDGYCSEMVCNLCX,VIGENERE,CUZYCM
Ciphertext only attack scenario,B3998098958284958884D09F9E9C89D091848491939BD08393959E9182999F,XOR,240
data preprocessing is important!,VARXRJENOQUEQPKFGGPKEPMOVSNR,VIGENERE,SAYXC
Side channel attacks are dangerous,KAVWUZSFFWDSLLSUCKSJWVSFYWJGMK,CAESAR,18
RANDOM FOREST IS A STRONG CLASSIFIER,GIXMDUPXGMCCXAKBIZYWVKVJHASOXMB,VIGENERE,PIKJ
>> data preprocessing is important,1C1C02464356430252504752504D414751514B4C45024B51024B4F524D5056434C56,XOR,34
security depends on implementation!,THWVUCUBXFSYOGMPQCNSFFPYOWUULIO,VIGENERE,BDU
side channel attacks are dangerous,YOJKINGTTKRGZZGIQYGXKJGTMKXUAY,CAESAR,6
side channel attacks are dangerous!,GWRSQVOBBSZOHHOQYGOFSROBUSFCIG,CAESAR,14
THIS PROJECT USES PYTHON,1A06071D6E1E1C01040B0D1A6E1B1D0B1D6E1E171A060100,XOR,78
Artificial intelligence changes security,VMODADXDVGDIOZGGDBZIXZXCVIBZNNZXPMDOT,CAESAR,21
Data preprocessing is important,PMFMBDQBDAOQEEUZSUEUYBADFMZF,CAESAR,12
artificial intelligence changes security,XNRPSFYGHYFJRLYIEELAZAAONKCCZFBYSYVQU,VIGENERE,XWYHN
machine learning enhances cryptanalysis,THJOPULSLHYUPUNLUOHUJLZJYFWAHUHSFZPZ,CAESAR,7
side channel attacks are dangerous,LBWXVATGGXETMMTVDLTKXWTGZXKHNL,CAESAR,19
>> this project uses python,4C4C52061A1B015202001D18171106520701170152020B061A1D1C,XOR,114
cryptography is fun,3B2A21282C373F2A3928302178312B783E2D36,XOR,88
machine learning enhances cryptanalysis!,4F43414A4B4C47024E4743504C4B4C4502474C4A434C4147510241505B5256434C434E5B514B5103,XOR,34
side channel attacks are dangerous,FVQRPUNAARYNGGNPXFNERQNATREBHF,CAESAR,13
machine learning enhances cryptanalysis,XLNSTYPWPLCYTYRPYSLYNPDNCJAELYLWJDTD,CAESAR,11
Data preprocessing is important,QNGNCERCEBPRFFVATVFVZCBEGNAG,CAESAR,13
ARTIFICIAL INTELLIGENCE CHANGES SECURITY,RIKZWZTZRCZEKVCCZXVETVTYREXVJJVTLIZKP,CAESAR,17
security depends on implementation,D4C2C4D2D5CED3DE87C3C2D7C2C9C3D487C8C987CECAD7CBC2CAC2C9D3C6D3CEC8C9,XOR,167
artificial intelligence changes security!,UOXVZFGVUIMANBPYCDIAWBGUUKKRMPIPOOMGS,VIGENERE,UXEN
security depends on implementation!,VHFXULWBGHSHQGVRQLPSOHPHQWDWLRQ,CAESAR,3
MACHINE LEARNING ENHANCES CRYPTANALYSIS,FTVABGXEXTKGBGZXGATGVXLVKRIMTGTERLBL,CAESAR,19
Random forest is a strong classifier,QEULILJVZYRXPAURXYWHFGSIMRMMQYQ,VIGENERE,ZEHIU
MACHINE LEARNING ENHANCES CRYPTANALYSIS,D7DBD9D2D3D4DFBAD6DFDBC8D4D3D4DDBADFD4D2DBD4D9DFC9BAD9C8C3CACEDBD4DBD6C3C9D3C9,XOR,154
>> security depends on implementation,NNIPAOOHJZYKIMYJWOHYRZVKICGORUI,VIGENERE,VJG
>> ciphertext only attack scenario,0F0F1152584159544345544945115E5F5D481150454550525A114252545F5043585E,XOR,49
Random forest is a strong classifier,5C6F606A61632E68617C6B7D7A2E677D2E6F2E7D7A7C6160692E6D626F7D7D6768676B7C,XOR,14
this project uses python!,AWCZELVYYJIOZTMWNNODH,VIGENERE,HPU
security depends on implementation,97818791968D909DC4808194818A8097C48B8AC48D8994888189818A9085908D8B8A,XOR,228
Cryptography is fun,OJLAFGTCMHUJUKSFZ,VIGENERE,MSNL
CIPHERTEXT ONLY ATTACK SCENARIO,CARHWTTWZTGPLQCTLCCCUCWPAJKO,VIGENERE,ASC
Cryptography is fun,ETARVQITCRJAKUHWP,CAESAR,2
cryptography is fun!,2938333A3E252D382B3A22336A23396A2C3F246B,XOR,74
ciphertext only attack scenario!,ECGYXVVYOKHRNSRKMEEEJTXRCLZF,VIGENERE,CURRTE
classical ciphers are educational,SRZIYHSGKSOOXKQIGQUKCKIZJONDGK,VIGENERE,QGZ
>> artificial intelligence changes security,SLRCACUCYFDHLYJFDAWHAYXBSHEYNMWWSLDNQ,VIGENERE,SUYUVU
Machine learning enhances cryptanalysis,3D111318191E15501C1511021E191E1750151E18111E131503501302090004111E111C09031903,XOR,112
this project uses python,WKLVSURMHFWXVHVSBWKRQ,CAESAR,3
random forest is a strong classifier,AVKMJJOJONNQRNXBOOXIDLGXBNFODBA,VIGENERE,JVX
artificial intelligence changes security,XOQFCFZFXIFKQBIIFDBKZBZEXKDBPPBZROFQV,CAESAR,23
artificial intelligence changes security,QHJYVYSYQBYDJUBBYWUDSUSXQDWUIIUSKHYJO,CAESAR,16
>> data preprocessing is important,F7F7E9ADA8BDA8E9B9BBACB9BBA6AAACBABAA0A7AEE9A0BAE9A0A4B9A6BBBDA8A7BD,XOR,201
CLASSICAL CIPHERS ARE EDUCATIONAL,ZJIPPGKXIAQMECZPXPMBASKXQGWKXJ,VIGENERE,XYIX
machine learning enhances cryptanalysis,UQEPEFMBGINFQDIMJZIDEMOUZORBWFIBAAEK,VIGENERE,IQCIWS
machine learning enhances cryptanalysis!,NPUMTOTDJLSCASRFCZFYDTKHCZELFYBAQXTT,VIGENERE,BPSFL
Artificial intelligence changes security,TKMBYBVBTEBGMXEEBZXGVXVATGZXLLXVNKBMR,CAESAR,19
MACHINE LEARNING ENHANCES CRYPTANALYSIS,CEC2C0CBCACDC6A3CFC6C2D1CDCACDC4A3C6CDCBC2CDC0C6D0A3C0D1DAD3D7C2CDC2CFDAD0CAD0,XOR,131
cryptography is fun,KZGXBWOZIXPGQANCV,CAESAR,8
cryptography is fun!,GWZGSKKWBGGUMXGLM,VIGENERE,EFBRZW
RANDOM FOREST IS A STRONG CLASSIFIER,EXXLBJPWEBCBVPKAGOYVTZVIFPSNVBB,VIGENERE,NXKI
>> machine learning enhances cryptanalysis,CVDXDOUGFQMOYIHUIIQIDUNDHTQJVOQGZIDT,VIGENERE,QVB
ARTIFICIAL INTELLIGENCE CHANGES SECURITY,BDAEA8B5BAB5BFB5BDB0DCB5B2A8B9B0B0B5BBB9B2BFB9DCBFB4BDB2BBB9AFDCAFB9BFA9AEB5A8A5,XOR,252
cryptography is fun!,RGNEIDVGPEWNXHUJC,CAESAR,15
Classical ciphers are educational,TZAJGITOLTWPYSRJORVSDLQAKWOEOL,VIGENERE,ROA
DATA PREPROCESSING IS IMPORTANT,ATAOAOXWFZZXZGTKZPGTJIVFEXGA,VIGENERE,XTHOL
security depends on implementation!,QCASPGRWBCNCLBQMLGKNJCKCLRYRGML,CAESAR,24
CIPHERTEXT ONLY ATTACK SCENARIO,DJQIFSUFYUPOMZBUUBDLTDFOBSJP,CAESAR,1
random forest is a strong classifier,JSFVGEXGJWKLAKSKLJGFYUDSKKAXAWJ,CAESAR,18
data preprocessing is important,BVFYKDCKDMXQQNULBUQDYNJDRVZR,VIGENERE,YVM
classical ciphers are educational,TCRJJZTRCTZGYVIJRIVVULTRKZFERC,CAESAR,17
this project uses python!,XDQWLZSFMGPCWAATUBLKV,VIGENERE,EWI
machine learning enhances cryptanalysis,DRTYZEVCVRIEZEXVEYRETVJTIPGKRERCPJZJ,CAESAR,17
Random forest is a strong classifier,JDDVRCXRHWVJAVQKWHGQWUOQKVYXLUJ,VIGENERE,SDQ
artificial intelligence changes security!,TKMBYBVBTEBGMXEEBZXGVXVATGZXLLXVNKBMR,CAESAR,19
security depends on implementation,ZNKEYRBIKNXOUMAYURUZSNUOUCIDPXV,VIGENERE,HJIK
Random forest is a strong classifier,ZHPJSKNVTKWRQZCYXPWUIIPYAZKLMCZ,VIGENERE,IHCGEY
security depends on implementation,WIGYVMXCHITIRHWSRMQTPIQIRXEXMSR,CAESAR,4
artificial intelligence changes security!,NUKTDVFZLJVQKPJYLXPLPHTSYAJVDQRFLCGGB,VIGENERE,NDRLY
this project uses python!,BKKXOMWMGHSPAHUUXOPRP,VIGENERE,IDCFZV
>> classical ciphers are educational,JSHZZPJHSJPWOLYZHYLLKBJHAPVUHS,CAESAR,7
DATA PREPROCESSING IS IMPORTANT,AXQXMOBMOLZBPPFKDFPFJMLOQXKQ,CAESAR,23
This project uses python,OQQNYZJSMXCCNNAKHBCXV,VIGENERE,VJI
artificial intelligence changes security,ROKPIWTFRSLBKBCSLUVKTLFVRKXLVGVZLYLHP,VIGENERE,RXRHDO
MACHINE LEARNING ENHANCES CRYPTANALYSIS,NBDIJOFMFBSOJOHFOIBODFTDSZQUBOBMZTJT,CAESAR,1
CRYPTOGRAPHY IS FUN,JYFWAVNYHWOFPZMBU,CAESAR,7
Random forest is a strong classifier,F0C3CCC6CDCF82C4CDD0C7D1D682CBD182C382D1D6D0CDCCC582C1CEC3D1D1CBC4CBC7D0,XOR,162
>> machine learning enhances cryptanalysis,7D7D632E22202B2A2D26632F2622312D2A2D2463262D2B222D2026306320313A3337222D222F3A302A30,XOR,67
machine learning enhances cryptanalysis,THJOPULSLHYUPUNLUOHUJLZJYFWAHUHSFZPZ,CAESAR,7
SIDE CHANNEL ATTACKS ARE DANGEROUS,DTOPNSLYYPWLEELNVDLCPOLYRPCZFD,CAESAR,11
machine learning enhances cryptanalysis,RSPMAAJDRFJANFTJFUFFPJKPWQCYSAFDLXAF,VIGENERE,FSN
random forest is a strong classifier!,ENAQBZSBERFGVFNFGEBATPYNFFVSVRE,CAESAR,13
RANDOM FOREST IS A STRONG CLASSIFIER,WIVRTUNCWMAHNAIGYZWBLKTOXAQTNMZ,VIGENERE,FIIO
artificial intelligence changes security,FEEDEBF6F9F6FCF6FEF3BFF6F1EBFAF3F3F6F8FAF1FCFABFFCF7FEF1F8FAECBFECFAFCEAEDF6EBE6,XOR,159
SECURITY DEPENDS ON IMPLEMENTATION,1F090F191E0518156C08091C0902081F6C03026C05011C0009010902180D18050302,XOR,76
side channel attacks are dangerous!,08121F1E5B18131A15151E175B1A0F0F1A1810085B1A091E5B1F1A151C1E09140E085A,XOR,123
cryptography is fun,GEEJSEKEGJGOMFLOM,VIGENERE,ENGUZQ
>> this project uses python,GUVFCEBWRPGHFRFCLGUBA,CAESAR,13
data preprocessing is important!,ADA8BDA8E9B9BBACB9BBA6AAACBABAA0A7AEE9A0BAE9A0A4B9A6BBBDA8A7BDE8,XOR,201
Side channel attacks are dangerous,D2E8E5E4A1E2E9E0EFEFE4EDA1E0F5F5E0E2EAF2A1E0F3E4A1E5E0EFE6E4F3EEF4F2,XOR,129
data preprocessing is important!,DKMHPBXWRYVLSCBUGSLPMZHYTKGA,VIGENERE,AKTH
Cryptography is fun,SHOFJEWHQFXOYIVKD,CAESAR,16
Ciphertext only attack scenario,7F554C54594E485944481C535250451C5D48485D5F571C4F5F59525D4E5553,XOR,60
artificial intelligence changes security,WNPEBEYEWHEJPAHHECAJYAYDWJCAOOAYQNEPU,CAESAR,22
This project uses python,85B9B8A2F1A1A3BEBBB4B2A5F1A4A2B4A2F1A1A8A5B9BEBF,XOR,209
CRYPTOGRAPHY IS FUN,9A8B80898D969E8B98899180F9908AF99F8C97,XOR,217
Random forest is a strong classifier,XGTJUSLUXKYZOYGYZXUTMIRGYYOLOKX,CAESAR,6
>> this project uses python,LHEOAJOFANLUOADHYPDZF,VIGENERE,SAWWL
>> security depends on implementation,LXVNKBMRWXIXGWLHGBFIEXFXGMTMBHG,CAESAR,19
this project uses python!,243839237020223F3A353324702523352370202924383F3E71,XOR,80
artificial intelligence changes security!,DUWLILFLDOLQWHOOLJHQFHFKDQJHVVHFXULWB,CAESAR,3
CRYPTOGRAPHY IS FUN,7A6B60696D767E6B7869716019706A197F6C77,XOR,57
>> cryptography is fun,MKEZMUQKGZAESLLEG,VIGENERE,KTG
Artificial intelligence changes security,6F5C5A4748474D474F420E47405A4B424247494B404D4B0E4D464F40494B5D0E5D4B4D5B5C475A57,XOR,46
data preprocessing is important,IFYFUWJUWTHJXXNSLNXNRUTWYFSY,CAESAR,5
SECURITY DEPENDS ON IMPLEMENTATION,JVTLIZKPUVGVEUJFEZDGCVDVEKRKZFE,CAESAR,17
data preprocessing is important,VDDJZVWSBXMIKVSWQMKLWYYVLDXC,VIGENERE,SDKJKE
artificial intelligence changes security!,9784829F909F959F979AD69F9882939A9A9F9193989593D6959E9798919385D685939583849F828FD7,XOR,246
Side channel attacks are dangerous,PFABZEXKKBIXQQXZHPXOBAXKDBOLRP,CAESAR,23
>> ciphertext only attack scenario,XAUTZJYQSLTZGQFFOSHWNUJZVJNA,VIGENERE,VSFM
Classical ciphers are educational,IRGYYOIGRIOVNKXYGXKKJAIGZOUTGR,CAESAR,6
>> cryptography is fun,HKIUMYLKKUAINLPZG,VIGENERE,FTK
SECURITY DEPENDS ON IMPLEMENTATION,C2D4D2C4C3D8C5C8B1D5D4C1D4DFD5C2B1DEDFB1D8DCC1DDD4DCD4DFC5D0C5D8DEDF,XOR,145
machine learning enhances cryptanalysis!,XLNSTYPWPLCYTYRPYSLYNPDNCJAELYLWJDTD,CAESAR,11
MACHINE LEARNING ENHANCES CRYPTANALYSIS,RUEDDSYNAVWHKJBJHJWIHYUYMDJVWIFFAODX,VIGENERE,FUCWV
data preprocessing is important!,MJCJYANYAXLNBBRWPRBRVYXACJWC,CAESAR,9
THIS PROJECT USES PYTHON,465A5B413242405D58575146324741574132424B465A5D5C,XOR,18
Data preprocessing is important,BYRYNPCNPMACQQGLEGQGKNMPRYLR,CAESAR,24
cryptography is fun,ZEDCIADEFCWKFFKHC,VIGENERE,XNFNPM
>> data preprocessing is important,SZLPOJTOJDBWHRACFAHHEENJIZFI,VIGENERE,PZS
THIS PROJECT USES PYTHON,SIRRQANKNBUDRFBOZCGPW,VIGENERE,ZBJ
Cryptography is fun,EBDRDTIBFRRDKCKWX,VIGENERE,CKF
RANDOM FOREST IS A STRONG CLASSIFIER,46555A505B5934525B46514740345D473455344740465B5A533457585547475D525D5146,XOR,20
ciphertext only attack scenario,YICBJKPEKNTGHYNNYTYKFWJGWRVI,VIGENERE,WANUFT
RANDOM FOREST IS A STRONG CLASSIFIER,VERHSQJSVIWXMWEWXVSRKGPEWWMJMIV,CAESAR,4
DATA PREPROCESSING IS IMPORTANT,ROHODFSDFCQSGGWBUWGWADCFHOBH,CAESAR,14
>> ciphertext only attack scenario,LPSIQAAHYFXUOZMCADDWBJHOMAPR,VIGENERE,JHDBM
>> security depends on implementation,TPCHSTTLEPPROOSBOTMCMPMROEAGJZN,VIGENERE,BLAN
Machine learning enhances cryptanalysis,ECC0C2C9C8CFC481CDC4C0D3CFC8CFC681C4CFC9C0CFC2C4D281C2D3D8D1D5C0CFC0CDD8D2C8D2,XOR,161
security depends on implementation!,WIGYVMXCHITIRHWSRMQTPIQIRXEXMSR,CAESAR,4
CRYPTOGRAPHY IS FUN,XMTKOJBMVKCTDNAPI,CAESAR,21
classical ciphers are educational,LKMBRULZXLHBQDDBZDNDPDBMCHAWZX,VIGENERE,JZM
side channel attacks are dangerous!,372D202164272C252A2A21286425303025272F37642536216420252A2321362B313765,XOR,68
>> machine learning enhances cryptanalysis,XMNMTZPQPMCSTZRJYTLSNQDHCKAYLZLQJETX,VIGENERE,LMLF
side channel attacks are dangerous,GQKMUIOVUMDBHBHKCTOZLLSOUMYWMT,VIGENERE,OIHISB
artificial intelligence changes security,WNPEBEYEWHEJPAHHECAJYAYDWJCAOOAYQNEPU,CAESAR,22
>> data preprocessing is important,UBFQGSQFIPOUJTUDXJEYDQAHKBZJ,VIGENERE,RBMQ
>> random forest is a strong classifier,E0E0FEACBFB0BAB1B3FEB8B1ACBBADAAFEB7ADFEBFFEADAAACB1B0B9FEBDB2BFADADB7B8B7BBAC,XOR,222
>> side channel attacks are dangerous,IYTUSXQDDUBQJJQSAIQHUTQDWUHEKI,CAESAR,16
classical ciphers are educational,SDQIKYSSBSAFXWHISHUWTKUQJAEDSB,VIGENERE,QSQ
>> security depends on implementation,WIGYVMXCHITIRHWSRMQTPIQIRXEXMSR,CAESAR,4
SIDE CHANNEL ATTACKS ARE DANGEROUS,ZPKLJOHUULSHAAHJRZHYLKHUNLYVBZ,CAESAR,7
THIS PROJECT USES PYTHON,HVWGDFCXSQHIGSGDMHVCB,CAESAR,14
machine learning enhances cryptanalysis!,HVXCDIZGZVMIDIBZICVIXZNXMTKOVIVGTNDN,CAESAR,21
>> artificial intelligence changes security,XQVKRFBKCXFMVGXIHIGZZDEJMKFGUEBBWTUQX,VIGENERE,XZCCM
ciphertext only attack scenario!,373D243C312620312C20743B3A382D7435202035373F742737313A35263D3B75,XOR,84
>> classical ciphers are educational,BHTROBBWEBEIGAKRWKDAWTYTSEHMWE,VIGENERE,ZWT
>> security depends on implementation,FIGHVMGCHRTIAHWBRMZTPRQIAXEGMSA,VIGENERE,NEE
>> security depends on implementation,FDFDE3B0A6A0B6B1AAB7BAE3A7A6B3A6ADA7B0E3ACADE3AAAEB3AFA6AEA6ADB7A2B7AAACAD,XOR,195
machine learning enhances cryptanalysis,A5A9ABA0A1A6ADE8A4ADA9BAA6A1A6AFE8ADA6A0A9A6ABADBBE8ABBAB1B8BCA9A6A9A4B1BBA1BB,XOR,200
Machine learning enhances cryptanalysis,AF83818A8B8C87C28E8783908C8B8C85C2878C8A838C818791C281909B9296838C838E9B918B91,XOR,226
data preprocessing is important!,XPLTESYEJHRFMHAGVJMXEIDSNPFM,VIGENERE,UPSTPB
Artificial intelligence changes security,TKOEYBXETEDJMXGHBZZJVXXDTGBALLZYNKDPR,VIGENERE,TTVW
random forest is a strong classifier,NHOADIMPOTOAJPPOASLCCJMXHOPGFTN,VIGENERE,WHBXP
Classical ciphers are educational,NWLDDTNLWNTASPCDLCPPOFNLETZYLW,CAESAR,11
Classical ciphers are educational,YGDZWRYVOJMYDZUZEAAZGBGJPDRUEU,VIGENERE,WVDHEJ
Side channel attacks are dangerous,LCFKQNTHPKZGMNCIYYTLGJOTZYTUIY,VIGENERE,TUCGOG
random forest is a strong classifier!,ADBEB1BBB0B2FFB9B0ADBAACABFFB6ACFFBEFFACABADB0B1B8FFBCB3BEACACB6B9B6BAADFE,XOR,223
data preprocessing is important,AFAABFAAEBBBB9AEBBB9A4A8AEB8B8A2A5ACEBA2B8EBA2A6BBA4B9BFAAA5BF,XOR,203
artificial intelligence changes security,EPJAFNGGQDISXCBDILILSWCMELWWSXIAKJIYC,VIGENERE,EYQSAF
THIS PROJECT USES PYTHON,BPQAXZWRMKBCAMAXGBPWV,CAESAR,8
cryptography is fun!,ODKBFASDMBTKUERGZ,CAESAR,12
This project uses python,JTCVKREVYFOUIQMSTTXAH,VIGENERE,QMUDVA
This project uses python,YWAJACTYWTEFXTKGJEMDF,VIGENERE,FPSRLL
Artificial intelligence changes security,94A7A1BCB3BCB6BCB4B9F5BCBBA1B0B9B9BCB2B0BBB6B0F5B6BDB4BBB2B0A6F5A6B0B6A0A7BCA1AC,XOR,213
Machine learning enhances cryptanalysis,ZNPUVARYRNEAVATRAUNAPRFPELCGNANYLFVF,CAESAR,13
CRYPTOGRAPHY IS FUN,8B9A91989C878F9A89988091E8819BE88E9D86,XOR,200
THIS PROJECT USES PYTHON,6E7273691A6A6875707F796E1A6F697F691A6A636E727574,XOR,58
This project uses python,3D01001A49191B06030C0A1D491C1A0C1A4919101D010607,XOR,105
ciphertext only attack scenario,606A736B667177667B77236C6D6F7A23627777626068237060666D62716A6C,XOR,3
SIDE CHANNEL ATTACKS ARE DANGEROUS,7E6469680D6E656C636368610D6C79796C6E667E0D6C7F680D696C636A687F62787E,XOR,45
security depends on implementation,BNLDARCHMNYNWMBXWRVYUNVNWCJCRXW,CAESAR,9
Security depends on implementation,AB9D9B8D8A918C81D89C9D889D969C8BD89796D8919588949D959D968C998C919796,XOR,248
classical ciphers are educational!,QTGGBWKGZLWXNSAGIXSNRCIOCWWTOU,VIGENERE,OIGOJ
>> ciphertext only attack scenario,CYKHUMTUSTEILOVTJVCANCUIAHDO,VIGENERE,AQV
>> data preprocessing is important,A7A7B9FDF8EDF8B9E9EBFCE9EBF6FAFCEAEAF0F7FEB9F0EAB9F0F4E9F6EBEDF8F7ED,XOR,153
Security depends on implementation,HGMJTSIANTROCFCDPSBRVTOOCVKIKYC,VIGENERE,PCK
Classical ciphers are educational,WHUBYCYUUICLBNXMWLNKXQWJZCKHJR,VIGENERE,UWUJG
>> artificial intelligence changes security,CTVKHKEKCNKPVGNNKIGPEGEJCPIGUUGEWTKVA,CAESAR,2
security depends on implementation!,21373127203B262B72363722373C3621723D3C723B3F223E373F373C2633263B3D3C73,XOR,82
artificial intelligence changes security,E1F2F4E9E6E9E3E9E1ECA0E9EEF4E5ECECE9E7E5EEE3E5A0E3E8E1EEE7E5F3A0F3E5E3F5F2E9F4F9,XOR,128
Classical ciphers are educational,OIBKOAOXMUEHTBSKWJQBEMYSFFPFWD,VIGENERE,MXBSWS
This project uses python,E3DFDEC497C7C5D8DDD2D4C397C2C4D2C497C7CEC3DFD8D9,XOR,183
>> this project uses python,F7F7E9BDA1A0BAE9B9BBA6A3ACAABDE9BCBAACBAE9B9B0BDA1A6A7,XOR,201
Side channel attacks are dangerous,1E2429286D2E252C232328216D2C39392C2E263E6D2C3F286D292C232A283F22383E,XOR,77
>> artificial intelligence changes security,KBDSPSMSKVSXDOVVSQOXMOMRKXQOCCOMEBSDI,CAESAR,10
machine learning enhances cryptanalysis!,KYAFGLCJCYPLGLECLFYLACQAPWNRYLYJWQGQ,CAESAR,24
>> classical ciphers are educational,YHWOOEYWHYELDANOWNAAZQYWPEKJWH,CAESAR,22
data preprocessing is important,PMFMBDQBDAOQEEUZSUEUYBADFMZF,CAESAR,12
This project uses python,EPABDCWBNQECKNGAGLQCY,VIGENERE,LISJO
machine learning enhances cryptanalysis!,HVXCDIZGZVMIDIBZICVIXZNXMTKOVIVGTNDN,CAESAR,21
>> security depends on implementation,2D2D3360767066617A676A33777663767D7760337C7D337A7E637F767E767D6772677A7C7D,XOR,19
SIDE CHANNEL ATTACKS ARE DANGEROUS,4C565B5A3F5C575E51515A533F5E4B4B5E5C544C3F5E4D5A3F5B5E51585A4D504A4C,XOR,31
>> random forest is a strong classifier,SERJYZGSVKCGJWEYDEPRKIVNTWMLSRS,VIGENERE,BEEGKN
security depends on implementation!,DPNFCTEJOPAPYODZYTXAWPXPYELETZY,CAESAR,11
artificial intelligence changes security,UWDCGCHSUMCSDYMFNQYOWJMBBHLOMTYHELJND,VIGENERE,UFKUB
cryptography is fun!,APDHRMLJYNMQGQKML,VIGENERE,YYFS
artificial intelligence changes security!,FWYNKNHNFQNSYJQQNLJSHJHMFSLJXXJHZWNYD,CAESAR,5
security depends on implementation!,1D0B0D1B1C071A174E0A0B1E0B000A1D4E01004E07031E020B030B001A0F1A0701004F,XOR,110
random forest is a strong classifier!,RBEJLXFPIKPEITRYQCOOXIILSTZLFPR,VIGENERE,ABRGXL
Cryptography is fun,72434841455E5643504159481158421157445F,XOR,49
cryptography is fun,DFCEC5CCC8D3DBCEDDCCD4C59CD5CF9CDAC9D2,XOR,188
THIS PROJECT USES PYTHON,B5A9A8B2C1B1B3AEABA4A2B5C1B4B2A4B2C1B1B8B5A9AEAF,XOR,225
Data preprocessing is important,HEXETVITVSGIWWMRKMWMQTSVXERX,CAESAR,4
>> random forest is a strong classifier,71716F3D2E212B20226F29203D2A3C3B6F263C6F2E6F3C3B3D2021286F2C232E3C3C2629262A3D,XOR,79
artificial intelligence changes security,KBDSPSMSKVSXDOVVSQOXMOMRKXQOCCOMEBSDI,CAESAR,10
classical ciphers are educational!,E5EAE7F5F5EFE5E7EAA6E5EFF6EEE3F4F5A6E7F4E3A6E3E2F3E5E7F2EFE9E8E7EAA7,XOR,134
>> security depends on implementation,NIMJCGOCNTACIHCDYGHTVTXCIXKITMI,VIGENERE,VEKPLY
THIS PROJECT USES PYTHON,AOFZWOVQBJARZLPWFQOVK,VIGENERE,HHX
ARTIFICIAL INTELLIGENCE CHANGES SECURITY,4754524F404F454F474A264F4852434A4A4F414348454326454E47484143552655434553544F525F,XOR,6
>> security depends on implementation,WIGYVMXCHITIRHWSRMQTPIQIRXEXMSR,CAESAR,4
data preprocessing is important,BRMBIPVISHAVLTBLXBTBKGHSMYEM,VIGENERE,YRTBT
cryptography is fun,B4A5AEA7A3B8B0A5B6A7BFAEF7BEA4F7B1A2B9,XOR,215
cryptography is fun,7D6C676E6A71796C7F6E76673E776D3E786B70,XOR,30
random forest is a strong classifier!,IICUWBWWGVAIZAPJBGFVVTTPJAXWQTI,VIGENERE,RIP
ARTIFICIAL INTELLIGENCE CHANGES SECURITY,F1E2E4F9F6F9F3F9F1FC90F9FEE4F5FCFCF9F7F5FEF3F590F3F8F1FEF7F5E390E3F5F3E5E2F9E4E9,XOR,176
Cryptography is fun,XHGKJWBHIKXGDINPD,VIGENERE,VQI
>> security depends on implementation,1A1A0457414751564D505D04404154414A4057044B4A044D4954484149414A5045504D4B4A,XOR,36
random forest is a strong classifier,CBD8D7DDD6D499DFD6CBDCCACD99D0CA99D899CACDCBD6D7DE99DAD5D8CACAD0DFD0DCCB,XOR,185
security depends on implementation,RHRTUXSBSDSTMGHNQXLSADPTMWPSLDM,VIGENERE,ZDP
>> this project uses python,SGHROQNIDBSTRDROXSGNM,CAESAR,25
>> classical ciphers are educational,OXMEEUOMXOUBTQDEMDQQPGOMFUAZMX,CAESAR,12
Random forest is a strong classifier,TCPFQOHQTGUVKUCUVTQPIENCUUKHKGT,CAESAR,2
ciphertext only attack scenario!,ZFMEBOQBUQLKIVXQQXZHPZBKXOFL,CAESAR,23
Side channel attacks are dangerous,TJEFDIBOOFMBUUBDLTBSFEBOHFSPVT,CAESAR,1
cryptography is fun,VKRIMHZKTIARBLYNG,CAESAR,19
SIDE CHANNEL ATTACKS ARE DANGEROUS,RHCDBGZMMDKZSSZBJRZQDCZMFDQNTR,CAESAR,25
ciphertext only attack scenario,D9D3CAD2DFC8CEDFC2CE9AD5D4D6C39ADBCECEDBD9D19AC9D9DFD4DBC8D3D5,XOR,186
Machine learning enhances cryptanalysis,715D5F545552591C50595D4E5255525B1C5952545D525F594F1C5F4E454C485D525D50454F554F,XOR,60
Side channel attacks are dangerous,TLIFLSBQSFULUWFDTDBUJEJYHHWPDD,VIGENERE,BDFBJL
data preprocessing is important!,7A7F6A7F3E6E6C7B6E6C717D7B6D6D7770793E776D3E77736E716C6A7F706A3F,XOR,30
machine learning enhances cryptanalysis,RFHMNSJQJFWSNSLJSMFSHJXHWDUYFSFQDXNX,CAESAR,5
Artificial intelligence changes security,TZQKQSVQXNTXMMINTQXVZGNRTVDGDCXKRTTDR,VIGENERE,TIXCLK
artificial intelligence changes security,OZFEUHQQMHXMHMXHXFSVOARGOVSAHRSKGNXSM,VIGENERE,OIMWPZ
RANDOM FOREST IS A STRONG CLASSIFIER,WFSITRKTWJXYNXFXYWTSLHQFXXNKNJW,CAESAR,5
CRYPTOGRAPHY IS FUN,QFMDHCUFODVMWGTIB,CAESAR,14
security depends on implementation!,DDCBCDDBDCC7DAD78ECACBDECBC0CADD8EC1C08EC7C3DEC2CBC3CBC0DACFDAC7C1C08F,XOR,174
SIDE CHANNEL ATTACKS ARE DANGEROUS,312B262742212A232C2C272E4223363623212931422330274226232C2527302D3731,XOR,98
>> data preprocessing is important,ZWPWLNALNKYAOOEJCEOEILKNPWJP,CAESAR,22
artificial intelligence changes security!,NFUVTJPWBYWOGSMYWHRBDRQINBHRGTRQVEWUL,VIGENERE,NOB
Machine learning enhances cryptanalysis,1C303239383F34713D3430233F383F3671343F39303F323422713223282125303F303D28223822,XOR,81
>> cryptography is fun,AAAAB4F7E6EDE4E0FBF3E6F5E4FCEDB4FDE7B4F2E1FA,XOR,148
SECURITY DEPENDS ON IMPLEMENTATION,B3A5A3B5B2A9B4B9C0A4A5B0A5AEA4B3C0AFAEC0A9ADB0ACA5ADA5AEB4A1B4A9AFAE,XOR,224
>> data preprocessing is important,8F8F91D5D0C5D091C1C3D4C1C3DED2D4C2C2D8DFD691D8C291D8DCC1DEC3C5D0DFC5,XOR,177
security depends on implementation,HPXPGTOTSPKZCONJCTHKAPHZCEVOXZI,VIGENERE,PLVV
RANDOM FOREST IS A STRONG CLASSIFIER,B7A4ABA1AAA8C5A3AAB7A0B6B1C5ACB6C5A4C5B6B1B7AAABA2C5A6A9A4B6B6ACA3ACA0B7,XOR,229
security depends on implementation,NZXPMDOTYZKZIYNJIDHKGZHZIOVODJI,CAESAR,21
>> artificial intelligence changes security,FTRXPPHKYASUYGJASNJPATMOFPETCZJESGSAD,VIGENERE,FCYPKH
Data preprocessing is important,URKRGIVGIFTVJJZEXZJZDGFIKREK,CAESAR,17
>> this project uses python,5F5F41150908124111130E0B040215411412041241111815090E0F,XOR,97
RANDOM FOREST IS A STRONG CLASSIFIER,GPCSDBUDGTHIXHPHIGDCVRAPHHXUXTG,CAESAR,15
>> side channel attacks are dangerous,HWNTQRPBXTZKIHKRYCPFOSOXVSBDIC,VIGENERE,POK
machine learning enhances cryptanalysis!,C5C9CBC0C1C6CD88C4CDC9DAC6C1C6CF88CDC6C0C9C6CBCDDB88CBDAD1D8DCC9C6C9C4D1DBC1DB89,XOR,168
cryptography is fun,DIPPVNHIRPJXJJWUP,VIGENERE,BRRACZ
>> security depends on implementation,70706E3D2B2D3B3C273A376E2A2B3E2B202A3D6E21206E27233E222B232B203A2F3A272120,XOR,78
>> ciphertext only attack scenario,XDKCZMOZSOJIGTVOOVXFNXZIVMDJ,CAESAR,21
Side channel attacks are dangerous,ZWNLQRHBXLZKAHKJYCHFOKOXNSBVIC,VIGENERE,HOK
>> ciphertext only attack scenario,44445A19130A121F080E1F020E5A151416035A1B0E0E1B19115A09191F141B081315,XOR,122
data preprocessing is important!,HEXETVITVSGIWWMRKMWMQTSVXERX,CAESAR,4
this project uses python,NGRJFLNSVSNTBVIJXCYEH,VIGENERE,UZJRQ
data preprocessing is important,JGZGVXKVXUIKYYOTMOYOSVUXZGTZ,CAESAR,6
SIDE CHANNEL ATTACKS ARE DANGEROUS,ECF6FBFA9FFCF7FEF1F1FAF39FFEEBEBFEFCF4EC9FFEEDFA9FFBFEF1F8FAEDF0EAEC,XOR,191
random forest is a strong classifier,XDZJUPRUXHEZOVMYZUATMFXGYVULOHD,VIGENERE,GDMG
SIDE CHANNEL ATTACKS ARE DANGEROUS,041E131277141F161919121B7716030316141C047716051277131619101205180204,XOR,87
machine learning enhances cryptanalysis!,HVXCDIZGZVMIDIBZICVIXZNXMTKOVIVGTNDN,CAESAR,21
security depends on implementation,NWSYGIOQTIEEIVISCIHHBIBEILQXXOI,VIGENERE,VSQEPA
ciphertext only attack scenario,93998098958284958884D09F9E9C89D091848491939BD08393959E9182999F,XOR,240
>> random forest is a strong classifier,NSSAKEKLNWXQEKFPPJTKCUQXOKNCEWW,VIGENERE,WSFX
artificial intelligence changes security,QDGBBYOVTHYZGXHBUTXJSQPAWDSRLOUOHKEJK,VIGENERE,QMNTW
This project uses python,CVHWTACIIGCIRIWYMSLSW,VIGENERE,JOZEE
>> random forest is a strong classifier,DDDDC391828D878C8EC3858C91869097C38A90C382C39097918C8D84C3808F8290908A858A8691,XOR,227
Ciphertext only attack scenario,CEE4FDE5E8FFF9E8F5F9ADE2E3E1F4ADECF9F9ECEEE6ADFEEEE8E3ECFFE4E2,XOR,141
>> data preprocessing is important,0606185C594C5918484A5D484A575B5D4B4B51565F18514B18515548574A4C59564C,XOR,56
THIS PROJECT USES PYTHON,E3FFFEE497E7E5F8FDF2F4E397E2E4F2E497E7EEE3FFF8F9,XOR,183
Classical ciphers are educational,614E4351514B41434E02414B524A47505102435047024746574143564B4D4C434E,XOR,34
>> artificial intelligence changes security,8C8C92D3C0C6DBD4DBD1DBD3DE92DBDCC6D7DEDEDBD5D7DCD1D792D1DAD3DCD5D7C192C1D7D1C7C0DBC6CB,XOR,178
data preprocessing is important,VSOWCMWHMKPZKKDJTDKAHLBMLSIP,VIGENERE,SSVWNV
Ciphertext only attack scenario,SLPXHRJHXJRNBBAJWASNSSHNQUIE,VIGENERE,QDA
RANDOM FOREST IS A STRONG CLASSIFIER,NWJZKIBKNAOPEOWOPNKJCYHWOOEBEAN,CAESAR,22
CRYPTOGRAPHY IS FUN,LMGTCJOVJKPCRNNYW,VIGENERE,JVIE
Cryptography is fun,BQXOSNFQZOGXHRETM,CAESAR,25
ciphertext only attack scenario,FBKEVYWXSQFUORVQKHFDNZVUDKDL,VIGENERE,DTVXRH
ciphertext only attack scenario!,TZGYVIKVOKFECPRKKRTBJTVERIZF,CAESAR,17
classical ciphers are educational,PKVCJJPZGMZQUDMCRSRDYETBGHJXRM,VIGENERE,NZVKRB
Cryptography is fun,WLSJNIALUJBSCMZOH,CAESAR,20
SIDE CHANNEL ATTACKS ARE DANGEROUS,E6FCF1F095F6FDF4FBFBF0F995F4E1E1F4F6FEE695F4E7F095F1F4FBF2F0E7FAE0E6,XOR,181
>> data preprocessing is important,80809EDADFCADF9ECECCDBCECCD1DDDBCDCDD7D0D99ED7CD9ED7D3CED1CCCADFD0CA,XOR,190
SECURITY DEPENDS ON IMPLEMENTATION,A4B2B4A2A5BEA3AED7B3B2A7B2B9B3A4D7B8B9D7BEBAA7BBB2BAB2B9A3B6A3BEB8B9,XOR,247
This project uses python,OJNXKTTOZEYZNGXUTVMTI,VIGENERE,VCFF
ciphertext only attack scenario,PQGUMIGMOGWEYGRGBRPSJPMENZZB,VIGENERE,NIR
CLASSICAL CIPHERS ARE EDUCATIONAL,VETLLBVTEVBIAXKLTKXXWNVTMBHGTE,CAESAR,19
classical ciphers are educational,YPBWCBYEMGSIDISWKKAIEYMTPMPRKE,VIGENERE,WEBEKT
>> cryptography is fun,70706E2D3C373E3A21293C2F3E26376E273D6E283B20,XOR,78
>> side channel attacks are dangerous,62627C2F3538397C3F343D323239307C3D28283D3F372F7C3D2E397C383D323B392E33292F,XOR,92
Machine learning enhances cryptanalysis,74585A5150575C19555C584B5750575E195C575158575A5C4A195A4B40494D58575855404A504A,XOR,57
>> artificial intelligence changes security,RIKZWZTZRCZEKVCCZXVETVTYREXVJJVTLIZKP,CAESAR,17
artificial intelligence changes security!,EBF8FEE3ECE3E9E3EBE6AAE3E4FEEFE6E6E3EDEFE4E9EFAAE9E2EBE4EDEFF9AAF9EFE9FFF8E3FEF3AB,XOR,138
random forest is a strong classifier,XVXNUHPYXZCDONKCZMYXMXVKYNSPOZB,VIGENERE,GVKK
Data preprocessing is important,CZSZOQDOQNBDRRHMFHRHLONQSZMS,CAESAR,25
>> security depends on implementation,VZNXMTWTOHKPQYDRITPKWHHPQOLWDZQ,VIGENERE,DVL
SIDE CHANNEL ATTACKS ARE DANGEROUS,CDD7DADBBEDDD6DFD0D0DBD2BEDFCACADFDDD5CDBEDFCCDBBEDADFD0D9DBCCD1CBCD,XOR,158
SECURITY DEPENDS ON IMPLEMENTATION,OAYQNEPUZALAJZOKJEILHAIAJPWPEKJ,CAESAR,22
data preprocessing is important!,QNGNCERCEBPRFFVATVFVZCBEGNAG,CAESAR,13
>> classical ciphers are educational,7777692A25283A3A202A2825692A2039212C3B3A69283B2C692C2D3C2A283D2026272825,XOR,73
>> cryptography is fun,RSHJZYVSJJNIXTOOT,VIGENERE,PBJUGK
ciphertext only attack scenario,IOVNKXZKDZUTREGZZGIQYIKTGXOU,CAESAR,6
>> ciphertext only attack scenario,XDKCZMOZSOJIGTVOOVXFNXZIVMDJ,CAESAR,21
MACHINE LEARNING ENHANCES CRYPTANALYSIS,EFE3E1EAEBECE782EEE7E3F0ECEBECE582E7ECEAE3ECE1E7F182E1F0FBF2F6E3ECE3EEFBF1EBF1,XOR,162
this project uses python!,AOPZWYVQLJABZLZWFAOVU,CAESAR,7
ciphertext only attack scenario!,B1BBA2BAB7A0A6B7AAA6F2BDBCBEABF2B3A6A6B3B1B9F2A1B1B7BCB3A0BBBDF3,XOR,210
MACHINE LEARNING ENHANCES CRYPTANALYSIS,BPRWXCTATPGCXCVTCWPCRTHRGNEIPCPANHXH,CAESAR,15
data preprocessing is important,GDWDSUHSURFHVVLQJLVLPSRUWDQW,CAESAR,3
CRYPTOGRAPHY IS FUN,UYGHAWYYIHOGAZNMU,VIGENERE,SHI
random forest is a strong classifier!,EKNPJPSYRQNWVCAEOUBXGOGDFCIRDHE,VIGENERE,NKAMVD
ciphertext only attack scenario,DAD0C9D1DCCBCDDCC1CD99D6D7D5C099D8CDCDD8DAD299CADADCD7D8CBD0D6,XOR,185
security depends on implementation,E5F3F5E3E4FFE2EFB6F2F3E6F3F8F2E5B6F9F8B6FFFBE6FAF3FBF3F8E2F7E2FFF9F8,XOR,150
cryptography is fun,LQTYSJPQVYGTRRADM,VIGENERE,JZV
>> classical ciphers are educational,MVKCCSMKVMSZROBCKBOONEMKDSYXKV,CAESAR,10
side channel attacks are dangerous!,HNUTHYPSETQRIYRRPJPWVSFEVJIDZJ,VIGENERE,PFR
THIS PROJECT USES PYTHON,312D2C364535372A2F202631453036203645353C312D2A2B,XOR,101
Ciphertext only attack scenario,664C554D405751405D51054A4B495C0544515144464E055646404B44574C4A,XOR,37
Classical ciphers are educational,UDSKKAUSDUAHZWJKSJWWVMUSLAGFSD,CAESAR,18
CIPHERTEXT ONLY ATTACK SCENARIO,EKRJGTVGZVQPNACVVCEMUEGPCTKQ,CAESAR,2
>> cryptography is fun,5B5B4506171C15110A021704150D1C450C164503100B,XOR,101
>> ciphertext only attack scenario,MSZROBDOHDYXVIKDDKMUCMOXKBSY,CAESAR,10
This project uses python,HVWGDFCXSQHIGSGDMHVCB,CAESAR,14
CIPHERTEXT ONLY ATTACK SCENARIO,IOVNKXZKDZUTREGZZGIQYIKTGXOU,CAESAR,6
>> this project uses python,WMDRSWJIHHOTVJNOBYCNQ,VIGENERE,DFVZ
security depends on implementation,04121402051E030E5713120712191304571819571E1A071B121A12190316031E1819,XOR,119
ciphertext only attack scenario,KLVPHXBHDBRTTBGBWGKNYKHTIUOW,VIGENERE,IDG
security depends on implementation!,WZWBUMOSKHTZHKVSICTSPZGLQXVNPRR,VIGENERE,EVUHD
>> classical ciphers are educational,JSHZZPJHSJPWOLYZHYLLKBJHAPVUHS,CAESAR,7
data preprocessing is important!,WVCWHKZYNGVZBOAGBROAFKXNLTIC,VIGENERE,TVJWS
>> artificial intelligence changes security,60607E3F2C2A3738373D373F327E37302A3B323237393B303D3B7E3D363F30393B2D7E2D3B3D2B2C372A27,XOR,94
data preprocessing is important!,EBUBQSFQSPDFTTJOHJTJNQPSUBOU,CAESAR,1
